,pageId,0
0,893861b0-fa80-483e-ed94-e405e91ee0b6,16
1,5a428f8b-173c-4d48-ce72-b1d137234d5d,13
2,1ed5a659-7032-41cf-03e9-82effaf98552,8
3,f17e55aa-28d2-4596-3a3b-f4160fec8c37,5
4,c832574d-38c0-44dc-12c2-9bf1a14c8465,3
5,6d77c836-c34f-44bd-43d4-2c9f02af7052,2
6,9d01ba5c-9124-40c7-3e0a-bd7206a2304b,2
7,4126c2ab-8302-46d0-90ff-1f59fd063d88,2
8,f771ecd2-0870-4d2e-624c-ffc491230f78,2
9,7c67cd54-26b2-4cad-1e91-80e342964c11,2
10,a82cf302-d62e-4e76-9ae3-0fcf78103656,2
11,3a9afeb3-3bdd-4a33-cafb-7978f2e8480f,2
12,47480a57-3aee-4176-c171-7a02b2572a57,2
13,3bfc772a-2257-4244-3e75-51c181bee1a9,1
14,46dd5ea2-3f41-4172-407e-89b5939d1bd9,1
15,3339055b-87bd-4f52-acce-5f195750a823,1
16,3c448b17-5737-417a-48ae-e88b7945103f,1
17,0a32badf-87e1-4e39-fa40-b6335fb9e4a2,1
18,03d8f614-5867-4960-592b-7c50cd351f77,1
19,ff5e1bc5-9c28-4936-71c7-dd8f41363f76,1
20,5eb7c764-0aa4-4984-2b27-2515b92cb252,1
21,5ec9f575-6477-48c1-4ab9-a91ffc26421d,1
22,967019ef-a441-4a99-2268-795d189d258b,1
23,a84f3bab-38e9-42cb-d67a-54f950065326,1
24,c05eacac-cf06-4eb2-dd60-323e08aaf064,1
25,c56a29d1-0564-403b-8a82-0697a3d40080,1
26,d6d2258e-f794-4f66-0bc3-4a0ca556994f,1
27,edce1ebf-9573-4858-63bc-4d1dcf4700b8,1
28,02ba1ccc-23f1-45dd-ba65-12c5505d564e,1
