,user,date,pageId,timeOnPage
0,5ba0e437def82a3ad52e2c1c,2018-10-31 16:08:10.293000+00:00,893861b0-fa80-483e-ed94-e405e91ee0b6,0 days 00:00:15.418000000
1,5ba0e437def82a3ad52e2c1c,2018-10-31 16:08:25.711000+00:00,5a428f8b-173c-4d48-ce72-b1d137234d5d,0 days 00:12:26.923000000
2,5ba0e437def82a3ad52e2c1c,2018-10-31 16:20:52.634000+00:00,c832574d-38c0-44dc-12c2-9bf1a14c8465,0 days 00:01:28.980000000
3,5ba0e437def82a3ad52e2c1c,2018-10-31 16:22:21.614000+00:00,9d01ba5c-9124-40c7-3e0a-bd7206a2304b,0 days 00:00:06.930000000
4,5ba0e437def82a3ad52e2c1c,2018-10-31 16:22:28.544000+00:00,a84f3bab-38e9-42cb-d67a-54f950065326,0 days 00:00:04.054000000
5,5ba0e437def82a3ad52e2c1c,2018-10-31 16:22:32.598000+00:00,569bcc95-7a7f-403c-4d66-8dbc01c61863,0 days 00:00:08.503000000
6,5ba0e437def82a3ad52e2c1c,2018-10-31 16:22:41.101000+00:00,42edb729-d668-488a-e57f-ce3dd3e6c40d,0 days 00:00:52.888000000
7,5ba0e437def82a3ad52e2c1c,2018-10-31 16:23:33.989000+00:00,46dd5ea2-3f41-4172-407e-89b5939d1bd9,0 days 00:00:02.947000000
8,5ba0e437def82a3ad52e2c1c,2018-10-31 16:23:36.936000+00:00,5ec9f575-6477-48c1-4ab9-a91ffc26421d,0 days 00:00:46.440000000
9,5ba0e437def82a3ad52e2c1c,2018-10-31 16:24:23.376000+00:00,33a34db8-7181-4aaa-a417-93ac800d82ea,0 days 00:22:13.292000000
11,5bc0abd6def82a3ad52e8527,2018-10-31 15:53:20.773000+00:00,893861b0-fa80-483e-ed94-e405e91ee0b6,0 days 00:02:41.438000000
12,5bc0abd6def82a3ad52e8527,2018-10-31 15:56:02.211000+00:00,f17e55aa-28d2-4596-3a3b-f4160fec8c37,0 days 00:03:50.173000000
13,5bc0abd6def82a3ad52e8527,2018-10-31 15:59:52.384000+00:00,4126c2ab-8302-46d0-90ff-1f59fd063d88,0 days 00:04:49.247000000
14,5bc0abd6def82a3ad52e8527,2018-10-31 16:04:41.631000+00:00,893861b0-fa80-483e-ed94-e405e91ee0b6,0 days 00:00:57.309000000
15,5bc0abd6def82a3ad52e8527,2018-10-31 16:05:38.940000+00:00,8bf230cc-42fa-4cd2-3eb9-d16480cd7094,0 days 00:04:06.122000000
16,5bc0abd6def82a3ad52e8527,2018-10-31 16:09:45.062000+00:00,2091fc6e-94bb-4940-65b1-4f197ffec78c,0 days 02:25:55.568000000
17,5bc0abd6def82a3ad52e8527,2018-10-31 18:35:40.630000+00:00,893861b0-fa80-483e-ed94-e405e91ee0b6,0 days 00:00:14.601000000
19,5bd6f1badef82a3ad53a2330,2018-10-31 15:30:04.051000+00:00,1ed5a659-7032-41cf-03e9-82effaf98552,0 days 00:00:19.189000000
20,5bd6f1badef82a3ad53a2330,2018-10-31 15:30:23.240000+00:00,9a2c0781-eda8-4336-b4c2-96862f9d0e19,0 days 00:01:03.294000000
21,5bd6f1badef82a3ad53a2330,2018-10-31 15:31:26.534000+00:00,893861b0-fa80-483e-ed94-e405e91ee0b6,0 days 00:00:13.603000000
22,5bd6f1badef82a3ad53a2330,2018-10-31 15:31:40.137000+00:00,1ed5a659-7032-41cf-03e9-82effaf98552,0 days 00:06:49.953000000
23,5bd6f1badef82a3ad53a2330,2018-10-31 15:38:30.090000+00:00,9a2c0781-eda8-4336-b4c2-96862f9d0e19,0 days 00:01:07.201000000
24,5bd6f1badef82a3ad53a2330,2018-10-31 15:39:37.291000+00:00,95d1dd93-f1c1-41de-943c-de1409aff580,0 days 00:24:29.926000000
25,5bd6f1badef82a3ad53a2330,2018-10-31 16:04:07.217000+00:00,893861b0-fa80-483e-ed94-e405e91ee0b6,0 days 00:05:14.579000000
26,5bd6f1badef82a3ad53a2330,2018-10-31 16:09:21.796000+00:00,8bf230cc-42fa-4cd2-3eb9-d16480cd7094,0 days 00:00:29.554000000
27,5bd6f1badef82a3ad53a2330,2018-10-31 16:09:51.350000+00:00,2091fc6e-94bb-4940-65b1-4f197ffec78c,0 days 00:04:41.966000000
28,5bd6f1badef82a3ad53a2330,2018-10-31 16:14:33.316000+00:00,893861b0-fa80-483e-ed94-e405e91ee0b6,0 days 00:02:46.695000000
29,5bd6f1badef82a3ad53a2330,2018-10-31 16:17:20.011000+00:00,1ed5a659-7032-41cf-03e9-82effaf98552,0 days 00:00:04.787000000
30,5bd6f1badef82a3ad53a2330,2018-10-31 16:17:24.798000+00:00,9a2c0781-eda8-4336-b4c2-96862f9d0e19,0 days 00:03:55.981000000
31,5bd6f1badef82a3ad53a2330,2018-10-31 16:21:20.779000+00:00,3c448b17-5737-417a-48ae-e88b7945103f,0 days 00:00:51.122000000
32,5bd6f1badef82a3ad53a2330,2018-10-31 16:22:11.901000+00:00,0495f7ae-f008-43cd-9369-79f39d84c8ec,0 days 00:00:07.772000000
33,5bd6f1badef82a3ad53a2330,2018-10-31 16:22:19.673000+00:00,3fd76aaa-1e0b-4335-2559-7349ba4d28d2,0 days 00:01:19.606000000
34,5bd6f1badef82a3ad53a2330,2018-10-31 16:23:39.279000+00:00,0a6be1f0-ee3b-40c4-fb16-edfd9924aec7,0 days 00:00:05.247000000
35,5bd6f1badef82a3ad53a2330,2018-10-31 16:23:44.526000+00:00,b144a79b-a428-4d19-4853-6d4edbd888b9,0 days 00:00:06.436000000
36,5bd6f1badef82a3ad53a2330,2018-10-31 16:23:50.962000+00:00,0959187e-6527-4333-496d-087ec36e3c8c,0 days 00:00:19.712000000
37,5bd6f1badef82a3ad53a2330,2018-10-31 16:24:10.674000+00:00,0568c4c1-d76b-4cdf-f4da-92148495de23,0 days 00:00:05.597000000
38,5bd6f1badef82a3ad53a2330,2018-10-31 16:24:16.271000+00:00,1f0e3207-459a-4a51-88a6-20428d9b375d,0 days 00:00:54.693000000
39,5bd6f1badef82a3ad53a2330,2018-10-31 16:25:10.964000+00:00,d05c6996-530e-40c8-7442-3abb7a147038,0 days 00:00:17.217000000
40,5bd6f1badef82a3ad53a2330,2018-10-31 16:25:28.181000+00:00,81c5c751-857b-488a-d88f-fda3d4413bfe,0 days 00:00:10.628000000
41,5bd6f1badef82a3ad53a2330,2018-10-31 16:25:38.809000+00:00,1e4f4680-20d8-4df4-1828-00550dec362e,0 days 00:00:02.339000000
42,5bd6f1badef82a3ad53a2330,2018-10-31 16:25:41.148000+00:00,bbc0da17-194b-473a-b865-c9efb8ae94f6,0 days 00:00:07.835000000
43,5bd6f1badef82a3ad53a2330,2018-10-31 16:25:48.983000+00:00,47480a57-3aee-4176-c171-7a02b2572a57,0 days 01:01:05.136000000
45,5bd6f1bbdef82a3ad53a2331,2018-10-31 15:30:11.747000+00:00,8bf230cc-42fa-4cd2-3eb9-d16480cd7094,0 days 00:00:31.916000000
46,5bd6f1bbdef82a3ad53a2331,2018-10-31 15:30:43.663000+00:00,2091fc6e-94bb-4940-65b1-4f197ffec78c,0 days 00:00:47.467000000
47,5bd6f1bbdef82a3ad53a2331,2018-10-31 15:31:31.130000+00:00,967019ef-a441-4a99-2268-795d189d258b,0 days 00:03:33.658000000
48,5bd6f1bbdef82a3ad53a2331,2018-10-31 15:35:04.788000+00:00,383154c5-58f4-42ac-7c84-951d5133af4e,0 days 00:08:33.346000000
49,5bd6f1bbdef82a3ad53a2331,2018-10-31 15:43:38.134000+00:00,1d1d31a6-aaf8-4e5f-2521-ac55bca0caa1,0 days 00:00:35.218000000
50,5bd6f1bbdef82a3ad53a2331,2018-10-31 15:44:13.352000+00:00,5eb7c764-0aa4-4984-2b27-2515b92cb252,0 days 00:00:31.900000000
51,5bd6f1bbdef82a3ad53a2331,2018-10-31 15:44:45.252000+00:00,3bfc772a-2257-4244-3e75-51c181bee1a9,0 days 00:22:08.633000000
52,5bd6f1bbdef82a3ad53a2331,2018-10-31 16:06:53.885000+00:00,893861b0-fa80-483e-ed94-e405e91ee0b6,0 days 00:02:34.844000000
53,5bd6f1bbdef82a3ad53a2331,2018-10-31 16:09:28.729000+00:00,8bf230cc-42fa-4cd2-3eb9-d16480cd7094,0 days 00:06:02.380000000
54,5bd6f1bbdef82a3ad53a2331,2018-10-31 16:15:31.109000+00:00,47480a57-3aee-4176-c171-7a02b2572a57,0 days 00:03:22.969000000
55,5bd6f1bbdef82a3ad53a2331,2018-10-31 16:18:54.078000+00:00,893861b0-fa80-483e-ed94-e405e91ee0b6,0 days 00:04:20.222000000
56,5bd6f1bbdef82a3ad53a2331,2018-10-31 16:23:14.300000+00:00,8bf230cc-42fa-4cd2-3eb9-d16480cd7094,0 days 00:00:54.820000000
57,5bd6f1bbdef82a3ad53a2331,2018-10-31 16:24:09.120000+00:00,7c67cd54-26b2-4cad-1e91-80e342964c11,0 days 00:02:48.100000000
58,5bd6f1bbdef82a3ad53a2331,2018-10-31 16:26:57.220000+00:00,967019ef-a441-4a99-2268-795d189d258b,0 days 00:00:56.304000000
59,5bd6f1bbdef82a3ad53a2331,2018-10-31 16:27:53.524000+00:00,fd08500f-0415-4e42-c390-07072d9e2981,0 days 00:00:54.034000000
60,5bd6f1bbdef82a3ad53a2331,2018-10-31 16:28:47.558000+00:00,15bbe172-c658-4498-e4a3-3b2c74a2e297,0 days 00:00:15.863000000
61,5bd6f1bbdef82a3ad53a2331,2018-10-31 16:29:03.421000+00:00,3339055b-87bd-4f52-acce-5f195750a823,0 days 00:00:14.672000000
62,5bd6f1bbdef82a3ad53a2331,2018-10-31 16:29:18.093000+00:00,f34c7ef4-a985-4827-a90a-20a567a086e9,0 days 00:02:34.556000000
63,5bd6f1bbdef82a3ad53a2331,2018-10-31 16:31:52.649000+00:00,5d537fd6-8c93-4e89-3b78-7f96aeba602a,0 days 00:00:03.725000000
64,5bd6f1bbdef82a3ad53a2331,2018-10-31 16:31:56.374000+00:00,383154c5-58f4-42ac-7c84-951d5133af4e,0 days 00:00:15.404000000
65,5bd6f1bbdef82a3ad53a2331,2018-10-31 16:32:11.778000+00:00,1639ae3c-5930-4662-9c1c-b8d87586de76,0 days 00:01:06.898000000
66,5bd6f1bbdef82a3ad53a2331,2018-10-31 16:33:18.676000+00:00,5eb7c764-0aa4-4984-2b27-2515b92cb252,0 days 00:00:02.383000000
67,5bd6f1bbdef82a3ad53a2331,2018-10-31 16:33:21.059000+00:00,3bfc772a-2257-4244-3e75-51c181bee1a9,0 days 00:49:33.662000000
68,5bd6f1bbdef82a3ad53a2331,2018-10-31 17:22:54.721000+00:00,893861b0-fa80-483e-ed94-e405e91ee0b6,0 days 00:04:37.993000000
69,5bd6f1bbdef82a3ad53a2331,2018-10-31 17:27:32.714000+00:00,8bf230cc-42fa-4cd2-3eb9-d16480cd7094,0 days 00:05:40.025000000
70,5bd6f1bbdef82a3ad53a2331,2018-10-31 17:33:12.739000+00:00,7c67cd54-26b2-4cad-1e91-80e342964c11,0 days 00:19:21.409000000
71,5bd6f1bbdef82a3ad53a2331,2018-10-31 17:52:34.148000+00:00,2091fc6e-94bb-4940-65b1-4f197ffec78c,0 days 00:02:55.226000000
72,5bd6f1bbdef82a3ad53a2331,2018-10-31 17:55:29.374000+00:00,967019ef-a441-4a99-2268-795d189d258b,0 days 00:00:20.162000000
73,5bd6f1bbdef82a3ad53a2331,2018-10-31 17:55:49.536000+00:00,fd08500f-0415-4e42-c390-07072d9e2981,0 days 00:14:39.265000000
74,5bd6f1bbdef82a3ad53a2331,2018-10-31 18:10:28.801000+00:00,893861b0-fa80-483e-ed94-e405e91ee0b6,0 days 00:01:39.246000000
75,5bd6f1bbdef82a3ad53a2331,2018-10-31 18:12:08.047000+00:00,f17e55aa-28d2-4596-3a3b-f4160fec8c37,0 days 00:07:49.128000000
77,5bd70587def82a3ad53a3cd8,2018-10-31 15:59:29.554000+00:00,f17e55aa-28d2-4596-3a3b-f4160fec8c37,0 days 00:04:26.666000000
78,5bd70587def82a3ad53a3cd8,2018-10-31 16:03:56.220000+00:00,893861b0-fa80-483e-ed94-e405e91ee0b6,0 days 00:02:00.999000000
79,5bd70587def82a3ad53a3cd8,2018-10-31 16:05:57.219000+00:00,8bf230cc-42fa-4cd2-3eb9-d16480cd7094,0 days 00:05:26.195000000
80,5bd70587def82a3ad53a3cd8,2018-10-31 16:11:23.414000+00:00,7c67cd54-26b2-4cad-1e91-80e342964c11,0 days 00:00:53.819000000
81,5bd70587def82a3ad53a3cd8,2018-10-31 16:12:17.233000+00:00,967019ef-a441-4a99-2268-795d189d258b,0 days 00:04:09.906000000
82,5bd70587def82a3ad53a3cd8,2018-10-31 16:16:27.139000+00:00,fd08500f-0415-4e42-c390-07072d9e2981,0 days 00:00:14.418000000
83,5bd70587def82a3ad53a3cd8,2018-10-31 16:16:41.557000+00:00,15bbe172-c658-4498-e4a3-3b2c74a2e297,0 days 00:02:36.305000000
84,5bd70587def82a3ad53a3cd8,2018-10-31 16:19:17.862000+00:00,3339055b-87bd-4f52-acce-5f195750a823,0 days 00:03:27.962000000
85,5bd70587def82a3ad53a3cd8,2018-10-31 16:22:45.824000+00:00,f34c7ef4-a985-4827-a90a-20a567a086e9,0 days 01:04:57.290000000
86,5bd70587def82a3ad53a3cd8,2018-10-31 17:27:43.114000+00:00,893861b0-fa80-483e-ed94-e405e91ee0b6,0 days 00:01:21.887000000
87,5bd70587def82a3ad53a3cd8,2018-10-31 17:29:05.001000+00:00,8bf230cc-42fa-4cd2-3eb9-d16480cd7094,0 days 00:12:27.637000000
88,5bd70587def82a3ad53a3cd8,2018-10-31 17:41:32.638000+00:00,7c67cd54-26b2-4cad-1e91-80e342964c11,0 days 00:05:44.981000000
89,5bd70587def82a3ad53a3cd8,2018-10-31 17:47:17.619000+00:00,f771ecd2-0870-4d2e-624c-ffc491230f78,0 days 00:00:04.157000000
90,5bd70587def82a3ad53a3cd8,2018-10-31 17:47:21.776000+00:00,967019ef-a441-4a99-2268-795d189d258b,0 days 00:11:44.956000000
92,5bd70588def82a3ad53a3cd9,2018-10-31 15:53:18.588000+00:00,893861b0-fa80-483e-ed94-e405e91ee0b6,0 days 00:03:39.309000000
93,5bd70588def82a3ad53a3cd9,2018-10-31 15:56:57.897000+00:00,f17e55aa-28d2-4596-3a3b-f4160fec8c37,0 days 00:02:54.771000000
94,5bd70588def82a3ad53a3cd9,2018-10-31 15:59:52.668000+00:00,4126c2ab-8302-46d0-90ff-1f59fd063d88,0 days 00:04:26.827000000
95,5bd70588def82a3ad53a3cd9,2018-10-31 16:04:19.495000+00:00,a82cf302-d62e-4e76-9ae3-0fcf78103656,0 days 00:00:06.108000000
96,5bd70588def82a3ad53a3cd9,2018-10-31 16:04:25.603000+00:00,3a9afeb3-3bdd-4a33-cafb-7978f2e8480f,0 days 00:00:18.112000000
97,5bd70588def82a3ad53a3cd9,2018-10-31 16:04:43.715000+00:00,574ef7f0-726a-4993-7aa5-0e355ae57df6,0 days 00:02:10.442000000
98,5bd70588def82a3ad53a3cd9,2018-10-31 16:06:54.157000+00:00,edce1ebf-9573-4858-63bc-4d1dcf4700b8,0 days 00:00:18.565000000
99,5bd70588def82a3ad53a3cd9,2018-10-31 16:07:12.722000+00:00,6d77c836-c34f-44bd-43d4-2c9f02af7052,0 days 00:00:03.014000000
100,5bd70588def82a3ad53a3cd9,2018-10-31 16:07:15.736000+00:00,15f2f71e-22b2-48f9-7e6c-768cf3f2d7fc,0 days 00:03:03.400000000
101,5bd70588def82a3ad53a3cd9,2018-10-31 16:10:19.136000+00:00,7040ae0a-6593-496c-d19d-de052fe22967,0 days 00:02:14.319000000
102,5bd70588def82a3ad53a3cd9,2018-10-31 16:12:33.455000+00:00,ff5e1bc5-9c28-4936-71c7-dd8f41363f76,0 days 00:02:06.407000000
103,5bd70588def82a3ad53a3cd9,2018-10-31 16:14:39.862000+00:00,1a1010f4-0711-46f8-2731-fcadf4579ec5,0 days 00:02:35.751000000
104,5bd70588def82a3ad53a3cd9,2018-10-31 16:17:15.613000+00:00,58e3e768-f3f8-40d2-0f53-066a39568ef8,0 days 00:00:47.375000000
105,5bd70588def82a3ad53a3cd9,2018-10-31 16:18:02.988000+00:00,c56a29d1-0564-403b-8a82-0697a3d40080,0 days 00:00:27.708000000
106,5bd70588def82a3ad53a3cd9,2018-10-31 16:18:30.696000+00:00,dafd6c3f-9bed-4879-d90b-20001528504b,0 days 00:00:08.614000000
107,5bd70588def82a3ad53a3cd9,2018-10-31 16:18:39.310000+00:00,47480a57-3aee-4176-c171-7a02b2572a57,0 days 01:00:04.199000000
108,5bd70588def82a3ad53a3cd9,2018-10-31 17:18:43.509000+00:00,893861b0-fa80-483e-ed94-e405e91ee0b6,0 days 00:06:01.131000000
109,5bd70588def82a3ad53a3cd9,2018-10-31 17:24:44.640000+00:00,f17e55aa-28d2-4596-3a3b-f4160fec8c37,0 days 00:08:38.989000000
110,5bd70588def82a3ad53a3cd9,2018-10-31 17:33:23.629000+00:00,4126c2ab-8302-46d0-90ff-1f59fd063d88,0 days 00:00:53.729000000
111,5bd70588def82a3ad53a3cd9,2018-10-31 17:34:17.358000+00:00,a82cf302-d62e-4e76-9ae3-0fcf78103656,0 days 00:03:08.102000000
112,5bd70588def82a3ad53a3cd9,2018-10-31 17:37:25.460000+00:00,3a9afeb3-3bdd-4a33-cafb-7978f2e8480f,0 days 00:03:42.157000000
113,5bd70588def82a3ad53a3cd9,2018-10-31 17:41:07.617000+00:00,574ef7f0-726a-4993-7aa5-0e355ae57df6,0 days 00:37:15.224000000
114,5bd70588def82a3ad53a3cd9,2018-10-31 18:18:22.841000+00:00,893861b0-fa80-483e-ed94-e405e91ee0b6,0 days 00:00:21.009000000
115,5bd70588def82a3ad53a3cd9,2018-10-31 18:18:43.850000+00:00,f17e55aa-28d2-4596-3a3b-f4160fec8c37,0 days 00:00:56.259000000
117,5bd890c9def82a3ad54395e3,2018-10-31 11:16:00.356000+00:00,893861b0-fa80-483e-ed94-e405e91ee0b6,0 days 00:00:10.748000000
118,5bd890c9def82a3ad54395e3,2018-10-31 11:16:11.104000+00:00,8bf230cc-42fa-4cd2-3eb9-d16480cd7094,0 days 00:04:30.447000000
119,5bd890c9def82a3ad54395e3,2018-10-31 11:20:41.551000+00:00,7c67cd54-26b2-4cad-1e91-80e342964c11,0 days 00:01:35.302000000
120,5bd890c9def82a3ad54395e3,2018-10-31 11:22:16.853000+00:00,967019ef-a441-4a99-2268-795d189d258b,0 days 00:05:25.445000000
121,5bd890c9def82a3ad54395e3,2018-10-31 11:27:42.298000+00:00,f771ecd2-0870-4d2e-624c-ffc491230f78,0 days 00:05:10.279000000
122,5bd890c9def82a3ad54395e3,2018-10-31 11:32:52.577000+00:00,fd08500f-0415-4e42-c390-07072d9e2981,0 days 00:03:04.627000000
123,5bd890c9def82a3ad54395e3,2018-10-31 11:35:57.204000+00:00,15bbe172-c658-4498-e4a3-3b2c74a2e297,0 days 00:02:34.030000000
124,5bd890c9def82a3ad54395e3,2018-10-31 11:38:31.234000+00:00,3339055b-87bd-4f52-acce-5f195750a823,0 days 00:02:43.689000000
125,5bd890c9def82a3ad54395e3,2018-10-31 11:41:14.923000+00:00,f34c7ef4-a985-4827-a90a-20a567a086e9,0 days 00:03:15.859000000
126,5bd890c9def82a3ad54395e3,2018-10-31 11:44:30.782000+00:00,6db8da1c-b983-4a7a-730a-9e241cdbc6f7,0 days 00:02:00.675000000
127,5bd890c9def82a3ad54395e3,2018-10-31 11:46:31.457000+00:00,5d537fd6-8c93-4e89-3b78-7f96aeba602a,0 days 00:03:34.532000000
128,5bd890c9def82a3ad54395e3,2018-10-31 11:50:05.989000+00:00,383154c5-58f4-42ac-7c84-951d5133af4e,0 days 00:01:07.777000000
129,5bd890c9def82a3ad54395e3,2018-10-31 11:51:13.766000+00:00,1639ae3c-5930-4662-9c1c-b8d87586de76,0 days 00:01:34.377000000
130,5bd890c9def82a3ad54395e3,2018-10-31 11:52:48.143000+00:00,1d1d31a6-aaf8-4e5f-2521-ac55bca0caa1,0 days 00:00:55.856000000
131,5bd890c9def82a3ad54395e3,2018-10-31 11:53:43.999000+00:00,5eb7c764-0aa4-4984-2b27-2515b92cb252,0 days 00:05:27.889000000
132,5bd890c9def82a3ad54395e3,2018-10-31 11:59:11.888000+00:00,3bfc772a-2257-4244-3e75-51c181bee1a9,0 days 00:01:21.870000000
133,5bd890c9def82a3ad54395e3,2018-10-31 12:00:33.758000+00:00,f17e55aa-28d2-4596-3a3b-f4160fec8c37,0 days 00:00:08.579000000
134,5bd890c9def82a3ad54395e3,2018-10-31 12:00:42.337000+00:00,4126c2ab-8302-46d0-90ff-1f59fd063d88,0 days 00:01:05.231000000
135,5bd890c9def82a3ad54395e3,2018-10-31 12:01:47.568000+00:00,d6d2258e-f794-4f66-0bc3-4a0ca556994f,0 days 00:00:04.293000000
136,5bd890c9def82a3ad54395e3,2018-10-31 12:01:51.861000+00:00,47480a57-3aee-4176-c171-7a02b2572a57,0 days 00:00:06.518000000
137,5bd890c9def82a3ad54395e3,2018-10-31 12:01:58.379000+00:00,3a9afeb3-3bdd-4a33-cafb-7978f2e8480f,0 days 00:00:04.172000000
138,5bd890c9def82a3ad54395e3,2018-10-31 12:02:02.551000+00:00,574ef7f0-726a-4993-7aa5-0e355ae57df6,0 days 00:00:02.377000000
139,5bd890c9def82a3ad54395e3,2018-10-31 12:02:04.928000+00:00,edce1ebf-9573-4858-63bc-4d1dcf4700b8,0 days 00:00:03.510000000
140,5bd890c9def82a3ad54395e3,2018-10-31 12:02:08.438000+00:00,6d77c836-c34f-44bd-43d4-2c9f02af7052,0 days 00:00:02.550000000
141,5bd890c9def82a3ad54395e3,2018-10-31 12:02:10.988000+00:00,0abfa6e7-be7d-4efa-3e66-e604d84d2359,0 days 00:00:03.769000000
142,5bd890c9def82a3ad54395e3,2018-10-31 12:02:14.757000+00:00,a87605ba-4ad9-42e3-e14f-c3126d506fde,0 days 00:00:03.964000000
143,5bd890c9def82a3ad54395e3,2018-10-31 12:02:18.721000+00:00,7040ae0a-6593-496c-d19d-de052fe22967,0 days 00:00:02.528000000
144,5bd890c9def82a3ad54395e3,2018-10-31 12:02:21.249000+00:00,ff5e1bc5-9c28-4936-71c7-dd8f41363f76,0 days 00:00:03.449000000
145,5bd890c9def82a3ad54395e3,2018-10-31 12:02:24.698000+00:00,1a1010f4-0711-46f8-2731-fcadf4579ec5,0 days 00:00:03.151000000
146,5bd890c9def82a3ad54395e3,2018-10-31 12:02:27.849000+00:00,58e3e768-f3f8-40d2-0f53-066a39568ef8,0 days 00:00:03.296000000
147,5bd890c9def82a3ad54395e3,2018-10-31 12:02:31.145000+00:00,c56a29d1-0564-403b-8a82-0697a3d40080,0 days 00:00:02.802000000
148,5bd890c9def82a3ad54395e3,2018-10-31 12:02:33.947000+00:00,dafd6c3f-9bed-4879-d90b-20001528504b,0 days 00:00:04.730000000
149,5bd890c9def82a3ad54395e3,2018-10-31 12:02:38.677000+00:00,8bf230cc-42fa-4cd2-3eb9-d16480cd7094,0 days 00:00:02.541000000
150,5bd890c9def82a3ad54395e3,2018-10-31 12:02:41.218000+00:00,7c67cd54-26b2-4cad-1e91-80e342964c11,0 days 00:00:14.838000000
151,5bd890c9def82a3ad54395e3,2018-10-31 12:02:56.056000+00:00,f771ecd2-0870-4d2e-624c-ffc491230f78,0 days 00:00:03.562000000
152,5bd890c9def82a3ad54395e3,2018-10-31 12:02:59.618000+00:00,fd08500f-0415-4e42-c390-07072d9e2981,0 days 00:00:03.848000000
153,5bd890c9def82a3ad54395e3,2018-10-31 12:03:03.466000+00:00,15bbe172-c658-4498-e4a3-3b2c74a2e297,0 days 00:00:02.608000000
154,5bd890c9def82a3ad54395e3,2018-10-31 12:03:06.074000+00:00,3339055b-87bd-4f52-acce-5f195750a823,0 days 00:00:02.109000000
155,5bd890c9def82a3ad54395e3,2018-10-31 12:03:08.183000+00:00,f34c7ef4-a985-4827-a90a-20a567a086e9,0 days 00:00:03.257000000
156,5bd890c9def82a3ad54395e3,2018-10-31 12:03:11.440000+00:00,5d537fd6-8c93-4e89-3b78-7f96aeba602a,0 days 00:00:03.109000000
157,5bd890c9def82a3ad54395e3,2018-10-31 12:03:14.549000+00:00,383154c5-58f4-42ac-7c84-951d5133af4e,0 days 00:00:02.016000000
158,5bd890c9def82a3ad54395e3,2018-10-31 12:03:16.565000+00:00,1639ae3c-5930-4662-9c1c-b8d87586de76,0 days 00:00:02.688000000
159,5bd890c9def82a3ad54395e3,2018-10-31 12:03:19.253000+00:00,5eb7c764-0aa4-4984-2b27-2515b92cb252,0 days 00:00:02.347000000
160,5bd890c9def82a3ad54395e3,2018-10-31 12:03:21.600000+00:00,3bfc772a-2257-4244-3e75-51c181bee1a9,0 days 00:00:03.312000000
161,5bd890c9def82a3ad54395e3,2018-10-31 12:03:24.912000+00:00,f17e55aa-28d2-4596-3a3b-f4160fec8c37,0 days 00:00:07.536000000
162,5bd890c9def82a3ad54395e3,2018-10-31 12:03:32.448000+00:00,4126c2ab-8302-46d0-90ff-1f59fd063d88,0 days 00:00:09.199000000
163,5bd890c9def82a3ad54395e3,2018-10-31 12:03:41.647000+00:00,a82cf302-d62e-4e76-9ae3-0fcf78103656,0 days 00:00:03.216000000
164,5bd890c9def82a3ad54395e3,2018-10-31 12:03:44.863000+00:00,3a9afeb3-3bdd-4a33-cafb-7978f2e8480f,0 days 00:00:03.846000000
165,5bd890c9def82a3ad54395e3,2018-10-31 12:03:48.709000+00:00,574ef7f0-726a-4993-7aa5-0e355ae57df6,0 days 00:00:20.889000000
166,5bd890c9def82a3ad54395e3,2018-10-31 12:04:09.598000+00:00,54612c09-d3db-489e-bfa0-62df7b2827a8,0 days 00:00:05.002000000
167,5bd890c9def82a3ad54395e3,2018-10-31 12:04:14.600000+00:00,6d77c836-c34f-44bd-43d4-2c9f02af7052,0 days 00:00:02.587000000
168,5bd890c9def82a3ad54395e3,2018-10-31 12:04:17.187000+00:00,0abfa6e7-be7d-4efa-3e66-e604d84d2359,0 days 00:00:03.242000000
169,5bd890c9def82a3ad54395e3,2018-10-31 12:04:20.429000+00:00,a87605ba-4ad9-42e3-e14f-c3126d506fde,0 days 00:00:02.711000000
170,5bd890c9def82a3ad54395e3,2018-10-31 12:04:23.140000+00:00,7040ae0a-6593-496c-d19d-de052fe22967,0 days 00:00:02.069000000
171,5bd890c9def82a3ad54395e3,2018-10-31 12:04:25.209000+00:00,ff5e1bc5-9c28-4936-71c7-dd8f41363f76,0 days 00:00:03.264000000
172,5bd890c9def82a3ad54395e3,2018-10-31 12:04:28.473000+00:00,1a1010f4-0711-46f8-2731-fcadf4579ec5,0 days 00:00:02.991000000
173,5bd890c9def82a3ad54395e3,2018-10-31 12:04:31.464000+00:00,58e3e768-f3f8-40d2-0f53-066a39568ef8,0 days 00:00:03.138000000
174,5bd890c9def82a3ad54395e3,2018-10-31 12:04:34.602000+00:00,c56a29d1-0564-403b-8a82-0697a3d40080,0 days 00:00:02.122000000
175,5bd890c9def82a3ad54395e3,2018-10-31 12:04:36.724000+00:00,dafd6c3f-9bed-4879-d90b-20001528504b,0 days 00:00:10.225000000
176,5bd890c9def82a3ad54395e3,2018-10-31 12:04:46.949000+00:00,8bf230cc-42fa-4cd2-3eb9-d16480cd7094,0 days 00:00:04.511000000
177,5bd890c9def82a3ad54395e3,2018-10-31 12:04:51.460000+00:00,7c67cd54-26b2-4cad-1e91-80e342964c11,0 days 00:00:07.421000000
178,5bd890c9def82a3ad54395e3,2018-10-31 12:04:58.881000+00:00,967019ef-a441-4a99-2268-795d189d258b,0 days 00:00:04.760000000
179,5bd890c9def82a3ad54395e3,2018-10-31 12:05:03.641000+00:00,fd08500f-0415-4e42-c390-07072d9e2981,0 days 00:00:03.814000000
180,5bd890c9def82a3ad54395e3,2018-10-31 12:05:07.455000+00:00,15bbe172-c658-4498-e4a3-3b2c74a2e297,0 days 00:00:04.419000000
181,5bd890c9def82a3ad54395e3,2018-10-31 12:05:11.874000+00:00,b1503e5c-b3a2-46c9-9cc8-b88ac3d7ef84,0 days 00:18:33.311000000
182,5bd890c9def82a3ad54395e3,2018-10-31 12:23:45.185000+00:00,893861b0-fa80-483e-ed94-e405e91ee0b6,0 days 00:00:04.459000000
183,5bd890c9def82a3ad54395e3,2018-10-31 12:23:49.644000+00:00,f17e55aa-28d2-4596-3a3b-f4160fec8c37,0 days 00:04:30.002000000
184,5bd890c9def82a3ad54395e3,2018-10-31 12:28:19.646000+00:00,4126c2ab-8302-46d0-90ff-1f59fd063d88,0 days 00:06:04.435000000
185,5bd890c9def82a3ad54395e3,2018-10-31 12:34:24.081000+00:00,a82cf302-d62e-4e76-9ae3-0fcf78103656,0 days 00:02:19.078000000
186,5bd890c9def82a3ad54395e3,2018-10-31 12:36:43.159000+00:00,d6d2258e-f794-4f66-0bc3-4a0ca556994f,0 days 00:04:38.002000000
187,5bd890c9def82a3ad54395e3,2018-10-31 12:41:21.161000+00:00,3a9afeb3-3bdd-4a33-cafb-7978f2e8480f,0 days 00:01:42.363000000
188,5bd890c9def82a3ad54395e3,2018-10-31 12:43:03.524000+00:00,574ef7f0-726a-4993-7aa5-0e355ae57df6,0 days 00:02:17.510000000
189,5bd890c9def82a3ad54395e3,2018-10-31 12:45:21.034000+00:00,edce1ebf-9573-4858-63bc-4d1dcf4700b8,0 days 00:05:48.967000000
190,5bd890c9def82a3ad54395e3,2018-10-31 12:51:10.001000+00:00,893861b0-fa80-483e-ed94-e405e91ee0b6,0 days 00:00:08.586000000
191,5bd890c9def82a3ad54395e3,2018-10-31 12:51:18.587000+00:00,f17e55aa-28d2-4596-3a3b-f4160fec8c37,0 days 00:00:03.650000000
192,5bd890c9def82a3ad54395e3,2018-10-31 12:51:22.237000+00:00,4126c2ab-8302-46d0-90ff-1f59fd063d88,0 days 00:00:37.617000000
193,5bd890c9def82a3ad54395e3,2018-10-31 12:51:59.854000+00:00,a82cf302-d62e-4e76-9ae3-0fcf78103656,0 days 00:00:07.960000000
194,5bd890c9def82a3ad54395e3,2018-10-31 12:52:07.814000+00:00,3a9afeb3-3bdd-4a33-cafb-7978f2e8480f,0 days 00:00:58.826000000
195,5bd890c9def82a3ad54395e3,2018-10-31 12:53:06.640000+00:00,893861b0-fa80-483e-ed94-e405e91ee0b6,0 days 00:00:07.372000000
196,5bd890c9def82a3ad54395e3,2018-10-31 12:53:14.012000+00:00,f17e55aa-28d2-4596-3a3b-f4160fec8c37,0 days 00:00:07.843000000
197,5bd890c9def82a3ad54395e3,2018-10-31 12:53:21.855000+00:00,4126c2ab-8302-46d0-90ff-1f59fd063d88,0 days 00:00:03.952000000
198,5bd890c9def82a3ad54395e3,2018-10-31 12:53:25.807000+00:00,a82cf302-d62e-4e76-9ae3-0fcf78103656,0 days 00:01:47.139000000
199,5bd890c9def82a3ad54395e3,2018-10-31 12:55:12.946000+00:00,3a9afeb3-3bdd-4a33-cafb-7978f2e8480f,0 days 00:01:04.138000000
200,5bd890c9def82a3ad54395e3,2018-10-31 12:56:17.084000+00:00,574ef7f0-726a-4993-7aa5-0e355ae57df6,0 days 00:00:30.791000000
201,5bd890c9def82a3ad54395e3,2018-10-31 12:56:47.875000+00:00,edce1ebf-9573-4858-63bc-4d1dcf4700b8,0 days 00:02:12.267000000
202,5bd890c9def82a3ad54395e3,2018-10-31 12:59:00.142000+00:00,54612c09-d3db-489e-bfa0-62df7b2827a8,0 days 00:07:53.276000000
203,5bd890c9def82a3ad54395e3,2018-10-31 13:06:53.418000+00:00,6d77c836-c34f-44bd-43d4-2c9f02af7052,0 days 00:02:00.908000000
204,5bd890c9def82a3ad54395e3,2018-10-31 13:08:54.326000+00:00,0abfa6e7-be7d-4efa-3e66-e604d84d2359,0 days 00:01:01.259000000
205,5bd890c9def82a3ad54395e3,2018-10-31 13:09:55.585000+00:00,6d77c836-c34f-44bd-43d4-2c9f02af7052,0 days 00:01:44.272000000
206,5bd890c9def82a3ad54395e3,2018-10-31 13:11:39.857000+00:00,0abfa6e7-be7d-4efa-3e66-e604d84d2359,0 days 00:01:37.602000000
207,5bd890c9def82a3ad54395e3,2018-10-31 13:13:17.459000+00:00,15f2f71e-22b2-48f9-7e6c-768cf3f2d7fc,0 days 00:01:12.060000000
208,5bd890c9def82a3ad54395e3,2018-10-31 13:14:29.519000+00:00,a87605ba-4ad9-42e3-e14f-c3126d506fde,0 days 00:01:53.466000000
209,5bd890c9def82a3ad54395e3,2018-10-31 13:16:22.985000+00:00,7040ae0a-6593-496c-d19d-de052fe22967,0 days 00:05:30.076000000
210,5bd890c9def82a3ad54395e3,2018-10-31 13:21:53.061000+00:00,ff5e1bc5-9c28-4936-71c7-dd8f41363f76,0 days 00:01:35.943000000
211,5bd890c9def82a3ad54395e3,2018-10-31 13:23:29.004000+00:00,9499c2ab-59c4-43ed-52c2-dc1b8cb80474,0 days 00:02:25.583000000
212,5bd890c9def82a3ad54395e3,2018-10-31 13:25:54.587000+00:00,1a1010f4-0711-46f8-2731-fcadf4579ec5,0 days 00:00:35.512000000
213,5bd890c9def82a3ad54395e3,2018-10-31 13:26:30.099000+00:00,58e3e768-f3f8-40d2-0f53-066a39568ef8,0 days 00:00:37.811000000
214,5bd890c9def82a3ad54395e3,2018-10-31 13:27:07.910000+00:00,02ba1ccc-23f1-45dd-ba65-12c5505d564e,0 days 00:00:34.822000000
215,5bd890c9def82a3ad54395e3,2018-10-31 13:27:42.732000+00:00,c56a29d1-0564-403b-8a82-0697a3d40080,0 days 00:04:15.893000000
216,5bd890c9def82a3ad54395e3,2018-10-31 13:31:58.625000+00:00,893861b0-fa80-483e-ed94-e405e91ee0b6,0 days 00:00:09.665000000
217,5bd890c9def82a3ad54395e3,2018-10-31 13:32:08.290000+00:00,1ed5a659-7032-41cf-03e9-82effaf98552,0 days 00:06:02.367000000
218,5bd890c9def82a3ad54395e3,2018-10-31 13:38:10.657000+00:00,9a2c0781-eda8-4336-b4c2-96862f9d0e19,0 days 00:01:44.219000000
219,5bd890c9def82a3ad54395e3,2018-10-31 13:39:54.876000+00:00,3c448b17-5737-417a-48ae-e88b7945103f,0 days 00:00:48.256000000
220,5bd890c9def82a3ad54395e3,2018-10-31 13:40:43.132000+00:00,03d8f614-5867-4960-592b-7c50cd351f77,0 days 00:01:29.069000000
221,5bd890c9def82a3ad54395e3,2018-10-31 13:42:12.201000+00:00,95d1dd93-f1c1-41de-943c-de1409aff580,0 days 00:04:51.447000000
222,5bd890c9def82a3ad54395e3,2018-10-31 13:47:03.648000+00:00,0495f7ae-f008-43cd-9369-79f39d84c8ec,0 days 00:00:46.337000000
223,5bd890c9def82a3ad54395e3,2018-10-31 13:47:49.985000+00:00,3fd76aaa-1e0b-4335-2559-7349ba4d28d2,0 days 00:02:35.312000000
224,5bd890c9def82a3ad54395e3,2018-10-31 13:50:25.297000+00:00,0a6be1f0-ee3b-40c4-fb16-edfd9924aec7,0 days 00:00:54.120000000
225,5bd890c9def82a3ad54395e3,2018-10-31 13:51:19.417000+00:00,b144a79b-a428-4d19-4853-6d4edbd888b9,0 days 00:00:50.007000000
226,5bd890c9def82a3ad54395e3,2018-10-31 13:52:09.424000+00:00,60c5fe61-5838-4c84-42bf-5c41e620d040,0 days 00:01:37.293000000
227,5bd890c9def82a3ad54395e3,2018-10-31 13:53:46.717000+00:00,0959187e-6527-4333-496d-087ec36e3c8c,0 days 00:00:40.753000000
228,5bd890c9def82a3ad54395e3,2018-10-31 13:54:27.470000+00:00,0568c4c1-d76b-4cdf-f4da-92148495de23,0 days 00:01:44.554000000
229,5bd890c9def82a3ad54395e3,2018-10-31 13:56:12.024000+00:00,87e95fd5-c42a-4e47-4ef8-03bafc949f8d,0 days 00:01:56.844000000
230,5bd890c9def82a3ad54395e3,2018-10-31 13:58:08.868000+00:00,1f0e3207-459a-4a51-88a6-20428d9b375d,0 days 00:00:24.286000000
231,5bd890c9def82a3ad54395e3,2018-10-31 13:58:33.154000+00:00,d05c6996-530e-40c8-7442-3abb7a147038,0 days 00:02:02.788000000
232,5bd890c9def82a3ad54395e3,2018-10-31 14:00:35.942000+00:00,81c5c751-857b-488a-d88f-fda3d4413bfe,0 days 00:01:12.572000000
233,5bd890c9def82a3ad54395e3,2018-10-31 14:01:48.514000+00:00,42d08ff5-1728-4bf1-617e-cf2fc4eedb30,0 days 00:00:59.264000000
234,5bd890c9def82a3ad54395e3,2018-10-31 14:02:47.778000+00:00,1e4f4680-20d8-4df4-1828-00550dec362e,0 days 00:01:25.778000000
235,5bd890c9def82a3ad54395e3,2018-10-31 14:04:13.556000+00:00,bbc0da17-194b-473a-b865-c9efb8ae94f6,0 days 00:00:23.681000000
236,5bd890c9def82a3ad54395e3,2018-10-31 14:04:37.237000+00:00,893861b0-fa80-483e-ed94-e405e91ee0b6,0 days 00:02:24.396000000
237,5bd890c9def82a3ad54395e3,2018-10-31 14:07:01.633000+00:00,5a428f8b-173c-4d48-ce72-b1d137234d5d,0 days 00:07:35.924000000
238,5bd890c9def82a3ad54395e3,2018-10-31 14:14:37.557000+00:00,c832574d-38c0-44dc-12c2-9bf1a14c8465,0 days 00:00:05.923000000
239,5bd890c9def82a3ad54395e3,2018-10-31 14:14:43.480000+00:00,9d01ba5c-9124-40c7-3e0a-bd7206a2304b,0 days 00:00:57.347000000
240,5bd890c9def82a3ad54395e3,2018-10-31 14:15:40.827000+00:00,a84f3bab-38e9-42cb-d67a-54f950065326,0 days 00:00:44.163000000
241,5bd890c9def82a3ad54395e3,2018-10-31 14:16:24.990000+00:00,e13955c6-c601-44ca-55ae-9eac812c56fb,0 days 00:02:21.309000000
242,5bd890c9def82a3ad54395e3,2018-10-31 14:18:46.299000+00:00,569bcc95-7a7f-403c-4d66-8dbc01c61863,0 days 00:00:53.236000000
243,5bd890c9def82a3ad54395e3,2018-10-31 14:19:39.535000+00:00,42edb729-d668-488a-e57f-ce3dd3e6c40d,0 days 00:02:16.680000000
244,5bd890c9def82a3ad54395e3,2018-10-31 14:21:56.215000+00:00,46dd5ea2-3f41-4172-407e-89b5939d1bd9,0 days 00:00:21.301000000
245,5bd890c9def82a3ad54395e3,2018-10-31 14:22:17.516000+00:00,5ec9f575-6477-48c1-4ab9-a91ffc26421d,0 days 00:01:36.545000000
246,5bd890c9def82a3ad54395e3,2018-10-31 14:23:54.061000+00:00,f8e37abb-bb62-410d-0e29-42403f111f43,0 days 00:01:11.871000000
247,5bd890c9def82a3ad54395e3,2018-10-31 14:25:05.932000+00:00,33a34db8-7181-4aaa-a417-93ac800d82ea,0 days 00:01:27.301000000
248,5bd890c9def82a3ad54395e3,2018-10-31 14:26:33.233000+00:00,0a32badf-87e1-4e39-fa40-b6335fb9e4a2,0 days 00:03:05.237000000
249,5bd890c9def82a3ad54395e3,2018-10-31 14:29:38.470000+00:00,e364276c-3b10-4187-32d2-3bc19b48f188,0 days 00:00:28.723000000
250,5bd890c9def82a3ad54395e3,2018-10-31 14:30:07.193000+00:00,16b83f63-1263-4069-643a-01f7029b1f49,0 days 00:02:45.743000000
251,5bd890c9def82a3ad54395e3,2018-10-31 14:32:52.936000+00:00,981468a4-d38f-4fd3-4b4c-dbb03637ef32,0 days 00:00:03.760000000
252,5bd890c9def82a3ad54395e3,2018-10-31 14:32:56.696000+00:00,5a428f8b-173c-4d48-ce72-b1d137234d5d,0 days 00:00:03.560000000
253,5bd890c9def82a3ad54395e3,2018-10-31 14:33:00.256000+00:00,c832574d-38c0-44dc-12c2-9bf1a14c8465,0 days 00:00:08.601000000
254,5bd890c9def82a3ad54395e3,2018-10-31 14:33:08.857000+00:00,9d01ba5c-9124-40c7-3e0a-bd7206a2304b,0 days 00:00:04.101000000
255,5bd890c9def82a3ad54395e3,2018-10-31 14:33:12.958000+00:00,a84f3bab-38e9-42cb-d67a-54f950065326,0 days 00:00:02.257000000
256,5bd890c9def82a3ad54395e3,2018-10-31 14:33:15.215000+00:00,e13955c6-c601-44ca-55ae-9eac812c56fb,0 days 00:00:03.211000000
257,5bd890c9def82a3ad54395e3,2018-10-31 14:33:18.426000+00:00,42edb729-d668-488a-e57f-ce3dd3e6c40d,0 days 00:00:02.952000000
258,5bd890c9def82a3ad54395e3,2018-10-31 14:33:21.378000+00:00,46dd5ea2-3f41-4172-407e-89b5939d1bd9,0 days 00:00:02.552000000
259,5bd890c9def82a3ad54395e3,2018-10-31 14:33:23.930000+00:00,5ec9f575-6477-48c1-4ab9-a91ffc26421d,0 days 00:00:03.282000000
260,5bd890c9def82a3ad54395e3,2018-10-31 14:33:27.212000+00:00,33a34db8-7181-4aaa-a417-93ac800d82ea,0 days 00:00:03.752000000
261,5bd890c9def82a3ad54395e3,2018-10-31 14:33:30.964000+00:00,0a32badf-87e1-4e39-fa40-b6335fb9e4a2,0 days 00:00:04.553000000
262,5bd890c9def82a3ad54395e3,2018-10-31 14:33:35.517000+00:00,7608e3ab-cb6d-4564-68ef-b707b833b441,0 days 00:00:05.626000000
263,5bd890c9def82a3ad54395e3,2018-10-31 14:33:41.143000+00:00,c05eacac-cf06-4eb2-dd60-323e08aaf064,0 days 00:00:08.486000000
264,5bd890c9def82a3ad54395e3,2018-10-31 14:33:49.629000+00:00,981468a4-d38f-4fd3-4b4c-dbb03637ef32,0 days 00:00:03.515000000
265,5bd890c9def82a3ad54395e3,2018-10-31 14:33:53.144000+00:00,5a428f8b-173c-4d48-ce72-b1d137234d5d,0 days 00:00:02.920000000
266,5bd890c9def82a3ad54395e3,2018-10-31 14:33:56.064000+00:00,47480a57-3aee-4176-c171-7a02b2572a57,0 days 00:00:03.426000000
267,5bd890c9def82a3ad54395e3,2018-10-31 14:33:59.490000+00:00,c832574d-38c0-44dc-12c2-9bf1a14c8465,0 days 00:00:04.200000000
268,5bd890c9def82a3ad54395e3,2018-10-31 14:34:03.690000+00:00,9d01ba5c-9124-40c7-3e0a-bd7206a2304b,0 days 00:00:02.887000000
269,5bd890c9def82a3ad54395e3,2018-10-31 14:34:06.577000+00:00,a84f3bab-38e9-42cb-d67a-54f950065326,0 days 00:00:01.790000000
270,5bd890c9def82a3ad54395e3,2018-10-31 14:34:08.367000+00:00,569bcc95-7a7f-403c-4d66-8dbc01c61863,0 days 00:00:03.737000000
271,5bd890c9def82a3ad54395e3,2018-10-31 14:34:12.104000+00:00,42edb729-d668-488a-e57f-ce3dd3e6c40d,0 days 00:00:02.808000000
272,5bd890c9def82a3ad54395e3,2018-10-31 14:34:14.912000+00:00,46dd5ea2-3f41-4172-407e-89b5939d1bd9,0 days 00:00:02.004000000
273,5bd890c9def82a3ad54395e3,2018-10-31 14:34:16.916000+00:00,5ec9f575-6477-48c1-4ab9-a91ffc26421d,0 days 00:00:03.161000000
274,5bd890c9def82a3ad54395e3,2018-10-31 14:34:20.077000+00:00,33a34db8-7181-4aaa-a417-93ac800d82ea,0 days 00:00:02.879000000
275,5bd890c9def82a3ad54395e3,2018-10-31 14:34:22.956000+00:00,0a32badf-87e1-4e39-fa40-b6335fb9e4a2,0 days 00:00:04.670000000
276,5bd890c9def82a3ad54395e3,2018-10-31 14:34:27.626000+00:00,7608e3ab-cb6d-4564-68ef-b707b833b441,0 days 00:00:03.917000000
278,5bd8a561def82a3ad543d6ed,2018-10-31 18:06:12.022000+00:00,893861b0-fa80-483e-ed94-e405e91ee0b6,0 days 00:08:19.638000000
279,5bd8a561def82a3ad543d6ed,2018-10-31 18:14:31.660000+00:00,f17e55aa-28d2-4596-3a3b-f4160fec8c37,0 days 00:04:33.422000000
280,5bd8a561def82a3ad543d6ed,2018-10-31 18:19:05.082000+00:00,5a428f8b-173c-4d48-ce72-b1d137234d5d,0 days 00:12:58.533000000
282,5bd8dda5def82a3ad54407be,2018-10-31 17:28:11.183000+00:00,893861b0-fa80-483e-ed94-e405e91ee0b6,0 days 00:01:03.299000000
284,5bd98bdadef82a3ad54426bb,2018-10-31 11:03:12.810000+00:00,893861b0-fa80-483e-ed94-e405e91ee0b6,0 days 00:00:47.937000000
287,5bd9c9a4def82a3ad5453575,2018-10-31 17:22:37.017000+00:00,893861b0-fa80-483e-ed94-e405e91ee0b6,0 days 00:03:27.630000000
288,5bd9c9a4def82a3ad5453575,2018-10-31 17:26:04.647000+00:00,8bf230cc-42fa-4cd2-3eb9-d16480cd7094,0 days 00:05:33.506000000
289,5bd9c9a4def82a3ad5453575,2018-10-31 17:31:38.153000+00:00,7c67cd54-26b2-4cad-1e91-80e342964c11,0 days 00:18:11.141000000
291,5bd9cb6adef82a3ad54558e9,2018-10-31 18:19:18.791000+00:00,893861b0-fa80-483e-ed94-e405e91ee0b6,0 days 00:01:25.738000000
293,5bd9d2a8def82a3ad54583a8,2018-10-31 16:08:15.434000+00:00,893861b0-fa80-483e-ed94-e405e91ee0b6,0 days 00:00:15.323000000
294,5bd9d2a8def82a3ad54583a8,2018-10-31 16:08:30.757000+00:00,8bf230cc-42fa-4cd2-3eb9-d16480cd7094,0 days 00:00:04.734000000
295,5bd9d2a8def82a3ad54583a8,2018-10-31 16:08:35.491000+00:00,f17e55aa-28d2-4596-3a3b-f4160fec8c37,0 days 00:01:35.218000000
296,5bd9d2a8def82a3ad54583a8,2018-10-31 16:10:10.709000+00:00,8bf230cc-42fa-4cd2-3eb9-d16480cd7094,0 days 00:00:33.542000000
297,5bd9d2a8def82a3ad54583a8,2018-10-31 16:10:44.251000+00:00,2091fc6e-94bb-4940-65b1-4f197ffec78c,0 days 00:00:27.743000000
298,5bd9d2a8def82a3ad54583a8,2018-10-31 16:11:11.994000+00:00,893861b0-fa80-483e-ed94-e405e91ee0b6,0 days 00:00:59.704000000
299,5bd9d2a8def82a3ad54583a8,2018-10-31 16:12:11.698000+00:00,5a428f8b-173c-4d48-ce72-b1d137234d5d,0 days 00:00:45.005000000
300,5bd9d2a8def82a3ad54583a8,2018-10-31 16:12:56.703000+00:00,c832574d-38c0-44dc-12c2-9bf1a14c8465,0 days 00:02:45.046000000
301,5bd9d2a8def82a3ad54583a8,2018-10-31 16:15:41.749000+00:00,9d01ba5c-9124-40c7-3e0a-bd7206a2304b,0 days 00:02:47.790000000
302,5bd9d2a8def82a3ad54583a8,2018-10-31 16:18:29.539000+00:00,a84f3bab-38e9-42cb-d67a-54f950065326,0 days 00:00:08.736000000
303,5bd9d2a8def82a3ad54583a8,2018-10-31 16:18:38.275000+00:00,e13955c6-c601-44ca-55ae-9eac812c56fb,0 days 00:01:23.899000000
304,5bd9d2a8def82a3ad54583a8,2018-10-31 16:20:02.174000+00:00,42edb729-d668-488a-e57f-ce3dd3e6c40d,0 days 00:02:17.233000000
305,5bd9d2a8def82a3ad54583a8,2018-10-31 16:22:19.407000+00:00,46dd5ea2-3f41-4172-407e-89b5939d1bd9,0 days 00:00:06.689000000
306,5bd9d2a8def82a3ad54583a8,2018-10-31 16:22:26.096000+00:00,5ec9f575-6477-48c1-4ab9-a91ffc26421d,0 days 00:00:45.555000000
307,5bd9d2a8def82a3ad54583a8,2018-10-31 16:23:11.651000+00:00,33a34db8-7181-4aaa-a417-93ac800d82ea,0 days 00:00:07.724000000
308,5bd9d2a8def82a3ad54583a8,2018-10-31 16:23:19.375000+00:00,0a32badf-87e1-4e39-fa40-b6335fb9e4a2,0 days 00:01:08.665000000
309,5bd9d2a8def82a3ad54583a8,2018-10-31 16:24:28.040000+00:00,7608e3ab-cb6d-4564-68ef-b707b833b441,0 days 00:02:01.129000000
310,5bd9d2a8def82a3ad54583a8,2018-10-31 16:26:29.169000+00:00,c05eacac-cf06-4eb2-dd60-323e08aaf064,0 days 00:00:04.343000000
311,5bd9d2a8def82a3ad54583a8,2018-10-31 16:26:33.512000+00:00,981468a4-d38f-4fd3-4b4c-dbb03637ef32,0 days 00:00:15.847000000
312,5bd9d2a8def82a3ad54583a8,2018-10-31 16:26:49.359000+00:00,47480a57-3aee-4176-c171-7a02b2572a57,0 days 00:03:36.053000000
313,5bd9d2a8def82a3ad54583a8,2018-10-31 16:30:25.412000+00:00,5a428f8b-173c-4d48-ce72-b1d137234d5d,0 days 00:04:19.628000000
314,5bd9d2a8def82a3ad54583a8,2018-10-31 16:34:45.040000+00:00,c832574d-38c0-44dc-12c2-9bf1a14c8465,0 days 00:46:55.670000000
315,5bd9d2a8def82a3ad54583a8,2018-10-31 17:21:40.710000+00:00,893861b0-fa80-483e-ed94-e405e91ee0b6,0 days 00:04:12.823000000
316,5bd9d2a8def82a3ad54583a8,2018-10-31 17:25:53.533000+00:00,5a428f8b-173c-4d48-ce72-b1d137234d5d,0 days 00:15:32.241000000
317,5bd9d2a8def82a3ad54583a8,2018-10-31 17:41:25.774000+00:00,c832574d-38c0-44dc-12c2-9bf1a14c8465,0 days 00:01:23.821000000
318,5bd9d2a8def82a3ad54583a8,2018-10-31 17:42:49.595000+00:00,5a428f8b-173c-4d48-ce72-b1d137234d5d,0 days 00:06:38.656000000
319,5bd9d2a8def82a3ad54583a8,2018-10-31 17:49:28.251000+00:00,c832574d-38c0-44dc-12c2-9bf1a14c8465,0 days 00:07:42.760000000
320,5bd9d2a8def82a3ad54583a8,2018-10-31 17:57:11.011000+00:00,9d01ba5c-9124-40c7-3e0a-bd7206a2304b,0 days 00:00:29.129000000
321,5bd9d2a8def82a3ad54583a8,2018-10-31 17:57:40.140000+00:00,c832574d-38c0-44dc-12c2-9bf1a14c8465,0 days 00:00:10.239000000
322,5bd9d2a8def82a3ad54583a8,2018-10-31 17:57:50.379000+00:00,9d01ba5c-9124-40c7-3e0a-bd7206a2304b,0 days 00:09:59.931000000
323,5bd9d2a8def82a3ad54583a8,2018-10-31 18:07:50.310000+00:00,a84f3bab-38e9-42cb-d67a-54f950065326,0 days 00:05:28.556000000
324,5bd9d2a8def82a3ad54583a8,2018-10-31 18:13:18.866000+00:00,569bcc95-7a7f-403c-4d66-8dbc01c61863,0 days 00:00:09.464000000
325,5bd9d2a8def82a3ad54583a8,2018-10-31 18:13:28.330000+00:00,e13955c6-c601-44ca-55ae-9eac812c56fb,0 days 00:03:50.400000000
326,5bd9d2a8def82a3ad54583a8,2018-10-31 18:17:18.730000+00:00,42edb729-d668-488a-e57f-ce3dd3e6c40d,0 days 00:05:36.557000000
327,5bd9d2a8def82a3ad54583a8,2018-10-31 18:22:55.287000+00:00,46dd5ea2-3f41-4172-407e-89b5939d1bd9,0 days 00:03:50.476000000
328,5bd9d2a8def82a3ad54583a8,2018-10-31 18:26:45.763000+00:00,5ec9f575-6477-48c1-4ab9-a91ffc26421d,0 days 00:02:49.940000000
329,5bd9d2a8def82a3ad54583a8,2018-10-31 18:29:35.703000+00:00,33a34db8-7181-4aaa-a417-93ac800d82ea,0 days 00:09:03.260000000
330,5bd9d2a8def82a3ad54583a8,2018-10-31 18:38:38.963000+00:00,0a32badf-87e1-4e39-fa40-b6335fb9e4a2,0 days 00:04:18.357000000
331,5bd9d2a8def82a3ad54583a8,2018-10-31 18:42:57.320000+00:00,e364276c-3b10-4187-32d2-3bc19b48f188,0 days 00:04:35.055000000
332,5bd9d2a8def82a3ad54583a8,2018-10-31 18:47:32.375000+00:00,16b83f63-1263-4069-643a-01f7029b1f49,0 days 00:00:07.320000000
333,5bd9d2a8def82a3ad54583a8,2018-10-31 18:47:39.695000+00:00,981468a4-d38f-4fd3-4b4c-dbb03637ef32,0 days 00:01:01.411000000
335,5bd9d535def82a3ad545d2bb,2018-10-31 18:06:39.758000+00:00,893861b0-fa80-483e-ed94-e405e91ee0b6,0 days 00:04:31.154000000
337,5bd9d721def82a3ad5461936,2018-10-31 18:17:17.489000+00:00,893861b0-fa80-483e-ed94-e405e91ee0b6,0 days 00:02:59.722000000
340,5bd9e399def82a3ad5464c24,2018-10-31 17:21:34.726000+00:00,893861b0-fa80-483e-ed94-e405e91ee0b6,0 days 00:07:51.569000000
341,5bd9e399def82a3ad5464c24,2018-10-31 17:29:26.295000+00:00,f17e55aa-28d2-4596-3a3b-f4160fec8c37,0 days 00:13:05.886000000
342,5bd9e399def82a3ad5464c24,2018-10-31 17:42:32.181000+00:00,4126c2ab-8302-46d0-90ff-1f59fd063d88,0 days 00:01:51.507000000
343,5bd9e399def82a3ad5464c24,2018-10-31 17:44:23.688000+00:00,d6d2258e-f794-4f66-0bc3-4a0ca556994f,0 days 00:04:10.734000000
344,5bd9e399def82a3ad5464c24,2018-10-31 17:48:34.422000+00:00,a82cf302-d62e-4e76-9ae3-0fcf78103656,0 days 00:03:39.680000000
345,5bd9e399def82a3ad5464c24,2018-10-31 17:52:14.102000+00:00,d6d2258e-f794-4f66-0bc3-4a0ca556994f,0 days 00:00:08.365000000
346,5bd9e399def82a3ad5464c24,2018-10-31 17:52:22.467000+00:00,3a9afeb3-3bdd-4a33-cafb-7978f2e8480f,0 days 00:03:24.019000000
347,5bd9e399def82a3ad5464c24,2018-10-31 17:55:46.486000+00:00,574ef7f0-726a-4993-7aa5-0e355ae57df6,0 days 00:03:05.739000000
348,5bd9e399def82a3ad5464c24,2018-10-31 17:58:52.225000+00:00,54612c09-d3db-489e-bfa0-62df7b2827a8,0 days 00:03:02.211000000
349,5bd9e399def82a3ad5464c24,2018-10-31 18:01:54.436000+00:00,6d77c836-c34f-44bd-43d4-2c9f02af7052,0 days 00:00:07.751000000
350,5bd9e399def82a3ad5464c24,2018-10-31 18:02:02.187000+00:00,15f2f71e-22b2-48f9-7e6c-768cf3f2d7fc,0 days 00:02:42.073000000
351,5bd9e399def82a3ad5464c24,2018-10-31 18:04:44.260000+00:00,a87605ba-4ad9-42e3-e14f-c3126d506fde,0 days 00:06:46.829000000
352,5bd9e399def82a3ad5464c24,2018-10-31 18:11:31.089000+00:00,7040ae0a-6593-496c-d19d-de052fe22967,0 days 00:00:09.291000000
353,5bd9e399def82a3ad5464c24,2018-10-31 18:11:40.380000+00:00,9499c2ab-59c4-43ed-52c2-dc1b8cb80474,0 days 00:01:37.864000000
354,5bd9e399def82a3ad5464c24,2018-10-31 18:13:18.244000+00:00,1a1010f4-0711-46f8-2731-fcadf4579ec5,0 days 00:01:56.923000000
355,5bd9e399def82a3ad5464c24,2018-10-31 18:15:15.167000+00:00,58e3e768-f3f8-40d2-0f53-066a39568ef8,0 days 00:04:02.841000000
357,5bd9e39edef82a3ad5464c25,2018-10-31 17:18:44.233000+00:00,893861b0-fa80-483e-ed94-e405e91ee0b6,0 days 00:06:26.529000000
358,5bd9e39edef82a3ad5464c25,2018-10-31 17:25:10.762000+00:00,f17e55aa-28d2-4596-3a3b-f4160fec8c37,0 days 00:04:34.422000000
359,5bd9e39edef82a3ad5464c25,2018-10-31 17:29:45.184000+00:00,4126c2ab-8302-46d0-90ff-1f59fd063d88,0 days 00:01:27.691000000
360,5bd9e39edef82a3ad5464c25,2018-10-31 17:31:12.875000+00:00,a82cf302-d62e-4e76-9ae3-0fcf78103656,0 days 00:00:54.007000000
361,5bd9e39edef82a3ad5464c25,2018-10-31 17:32:06.882000+00:00,3a9afeb3-3bdd-4a33-cafb-7978f2e8480f,0 days 00:02:24.354000000
362,5bd9e39edef82a3ad5464c25,2018-10-31 17:34:31.236000+00:00,574ef7f0-726a-4993-7aa5-0e355ae57df6,0 days 00:01:45.316000000
363,5bd9e39edef82a3ad5464c25,2018-10-31 17:36:16.552000+00:00,54612c09-d3db-489e-bfa0-62df7b2827a8,0 days 00:00:39.956000000
364,5bd9e39edef82a3ad5464c25,2018-10-31 17:36:56.508000+00:00,6d77c836-c34f-44bd-43d4-2c9f02af7052,0 days 00:00:10.152000000
365,5bd9e39edef82a3ad5464c25,2018-10-31 17:37:06.660000+00:00,0abfa6e7-be7d-4efa-3e66-e604d84d2359,0 days 00:00:09.102000000
366,5bd9e39edef82a3ad5464c25,2018-10-31 17:37:15.762000+00:00,a87605ba-4ad9-42e3-e14f-c3126d506fde,0 days 00:00:10.237000000
367,5bd9e39edef82a3ad5464c25,2018-10-31 17:37:25.999000+00:00,7040ae0a-6593-496c-d19d-de052fe22967,0 days 00:00:11.993000000
368,5bd9e39edef82a3ad5464c25,2018-10-31 17:37:37.992000+00:00,ff5e1bc5-9c28-4936-71c7-dd8f41363f76,0 days 00:23:25.859000000
370,5bd9e3a0def82a3ad5464c26,2018-10-31 17:18:44.248000+00:00,893861b0-fa80-483e-ed94-e405e91ee0b6,0 days 00:06:10.568000000
371,5bd9e3a0def82a3ad5464c26,2018-10-31 17:24:54.816000+00:00,f17e55aa-28d2-4596-3a3b-f4160fec8c37,0 days 00:08:29.262000000
372,5bd9e3a0def82a3ad5464c26,2018-10-31 17:33:24.078000+00:00,4126c2ab-8302-46d0-90ff-1f59fd063d88,0 days 00:00:40.489000000
373,5bd9e3a0def82a3ad5464c26,2018-10-31 17:34:04.567000+00:00,a82cf302-d62e-4e76-9ae3-0fcf78103656,0 days 00:01:09.765000000
375,5bd9e3acdef82a3ad5464c2b,2018-10-31 17:22:56.674000+00:00,893861b0-fa80-483e-ed94-e405e91ee0b6,0 days 00:04:39.321000000
376,5bd9e3acdef82a3ad5464c2b,2018-10-31 17:27:35.995000+00:00,8bf230cc-42fa-4cd2-3eb9-d16480cd7094,0 days 00:11:14.629000000
377,5bd9e3acdef82a3ad5464c2b,2018-10-31 17:38:50.624000+00:00,7c67cd54-26b2-4cad-1e91-80e342964c11,0 days 00:00:38.730000000
378,5bd9e3acdef82a3ad5464c2b,2018-10-31 17:39:29.354000+00:00,893861b0-fa80-483e-ed94-e405e91ee0b6,0 days 00:00:11.834000000
379,5bd9e3acdef82a3ad5464c2b,2018-10-31 17:39:41.188000+00:00,8bf230cc-42fa-4cd2-3eb9-d16480cd7094,0 days 00:02:20.278000000
380,5bd9e3acdef82a3ad5464c2b,2018-10-31 17:42:01.466000+00:00,7c67cd54-26b2-4cad-1e91-80e342964c11,0 days 00:12:46.720000000
381,5bd9e3acdef82a3ad5464c2b,2018-10-31 17:54:48.186000+00:00,f771ecd2-0870-4d2e-624c-ffc491230f78,0 days 00:11:22.021000000
382,5bd9e3acdef82a3ad5464c2b,2018-10-31 18:06:10.207000+00:00,fd08500f-0415-4e42-c390-07072d9e2981,0 days 00:03:24.575000000
383,5bd9e3acdef82a3ad5464c2b,2018-10-31 18:09:34.782000+00:00,15bbe172-c658-4498-e4a3-3b2c74a2e297,0 days 00:02:17.990000000
384,5bd9e3acdef82a3ad5464c2b,2018-10-31 18:11:52.772000+00:00,3339055b-87bd-4f52-acce-5f195750a823,0 days 00:02:36.735000000
385,5bd9e3acdef82a3ad5464c2b,2018-10-31 18:14:29.507000+00:00,f34c7ef4-a985-4827-a90a-20a567a086e9,0 days 00:03:04.482000000
386,5bd9e3acdef82a3ad5464c2b,2018-10-31 18:17:33.989000+00:00,5d537fd6-8c93-4e89-3b78-7f96aeba602a,0 days 00:03:52.095000000
387,5bd9e3acdef82a3ad5464c2b,2018-10-31 18:21:26.084000+00:00,383154c5-58f4-42ac-7c84-951d5133af4e,0 days 00:03:54.912000000
388,5bd9e3acdef82a3ad5464c2b,2018-10-31 18:25:20.996000+00:00,1639ae3c-5930-4662-9c1c-b8d87586de76,0 days 00:02:50.674000000
390,5bd9e3b6def82a3ad5464c2d,2018-10-31 17:18:43.800000+00:00,893861b0-fa80-483e-ed94-e405e91ee0b6,0 days 00:06:29.067000000
391,5bd9e3b6def82a3ad5464c2d,2018-10-31 17:25:12.867000+00:00,f17e55aa-28d2-4596-3a3b-f4160fec8c37,0 days 00:12:06.530000000
392,5bd9e3b6def82a3ad5464c2d,2018-10-31 17:37:19.397000+00:00,4126c2ab-8302-46d0-90ff-1f59fd063d88,0 days 00:03:30.182000000
393,5bd9e3b6def82a3ad5464c2d,2018-10-31 17:40:49.579000+00:00,d6d2258e-f794-4f66-0bc3-4a0ca556994f,0 days 00:04:59.348000000
394,5bd9e3b6def82a3ad5464c2d,2018-10-31 17:45:48.927000+00:00,3a9afeb3-3bdd-4a33-cafb-7978f2e8480f,0 days 00:05:04.389000000
395,5bd9e3b6def82a3ad5464c2d,2018-10-31 17:50:53.316000+00:00,574ef7f0-726a-4993-7aa5-0e355ae57df6,0 days 00:05:25.666000000
396,5bd9e3b6def82a3ad5464c2d,2018-10-31 17:56:18.982000+00:00,edce1ebf-9573-4858-63bc-4d1dcf4700b8,0 days 00:02:22.410000000
398,5bd9e3bddef82a3ad5464c30,2018-10-31 17:18:45.947000+00:00,893861b0-fa80-483e-ed94-e405e91ee0b6,0 days 00:06:01.727000000
399,5bd9e3bddef82a3ad5464c30,2018-10-31 17:24:47.674000+00:00,f17e55aa-28d2-4596-3a3b-f4160fec8c37,0 days 00:07:21.496000000
400,5bd9e3bddef82a3ad5464c30,2018-10-31 17:32:09.170000+00:00,4126c2ab-8302-46d0-90ff-1f59fd063d88,0 days 00:03:56.759000000
401,5bd9e3bddef82a3ad5464c30,2018-10-31 17:36:05.929000+00:00,d6d2258e-f794-4f66-0bc3-4a0ca556994f,0 days 00:06:17.995000000
402,5bd9e3bddef82a3ad5464c30,2018-10-31 17:42:23.924000+00:00,3a9afeb3-3bdd-4a33-cafb-7978f2e8480f,0 days 00:03:44.703000000
403,5bd9e3bddef82a3ad5464c30,2018-10-31 17:46:08.627000+00:00,574ef7f0-726a-4993-7aa5-0e355ae57df6,0 days 00:03:06.248000000
405,5bd9e3c0def82a3ad5464c32,2018-10-31 17:18:44.150000+00:00,893861b0-fa80-483e-ed94-e405e91ee0b6,0 days 00:05:46.232000000
406,5bd9e3c0def82a3ad5464c32,2018-10-31 17:24:30.382000+00:00,f17e55aa-28d2-4596-3a3b-f4160fec8c37,0 days 00:07:03.960000000
407,5bd9e3c0def82a3ad5464c32,2018-10-31 17:31:34.342000+00:00,4126c2ab-8302-46d0-90ff-1f59fd063d88,0 days 00:05:01.017000000
409,5bd9e3cedef82a3ad5464c3a,2018-10-31 17:24:06.641000+00:00,893861b0-fa80-483e-ed94-e405e91ee0b6,0 days 00:03:47.748000000
410,5bd9e3cedef82a3ad5464c3a,2018-10-31 17:27:54.389000+00:00,8bf230cc-42fa-4cd2-3eb9-d16480cd7094,0 days 00:08:54.040000000
411,5bd9e3cedef82a3ad5464c3a,2018-10-31 17:36:48.429000+00:00,7c67cd54-26b2-4cad-1e91-80e342964c11,0 days 00:10:47.052000000
413,5bd9e3d2def82a3ad5464c3e,2018-10-31 17:19:37.421000+00:00,893861b0-fa80-483e-ed94-e405e91ee0b6,0 days 00:03:34.256000000
414,5bd9e3d2def82a3ad5464c3e,2018-10-31 17:23:11.677000+00:00,f17e55aa-28d2-4596-3a3b-f4160fec8c37,0 days 00:05:32.959000000
415,5bd9e3d2def82a3ad5464c3e,2018-10-31 17:28:44.636000+00:00,4126c2ab-8302-46d0-90ff-1f59fd063d88,0 days 00:03:07.085000000
416,5bd9e3d2def82a3ad5464c3e,2018-10-31 17:31:51.721000+00:00,a82cf302-d62e-4e76-9ae3-0fcf78103656,0 days 00:12:39.685000000
417,5bd9e3d2def82a3ad5464c3e,2018-10-31 17:44:31.406000+00:00,3a9afeb3-3bdd-4a33-cafb-7978f2e8480f,0 days 00:11:52.239000000
418,5bd9e3d2def82a3ad5464c3e,2018-10-31 17:56:23.645000+00:00,574ef7f0-726a-4993-7aa5-0e355ae57df6,0 days 00:01:21.709000000
419,5bd9e3d2def82a3ad5464c3e,2018-10-31 17:57:45.354000+00:00,edce1ebf-9573-4858-63bc-4d1dcf4700b8,0 days 00:00:26.164000000
420,5bd9e3d2def82a3ad5464c3e,2018-10-31 17:58:11.518000+00:00,6d77c836-c34f-44bd-43d4-2c9f02af7052,0 days 00:00:07.559000000
421,5bd9e3d2def82a3ad5464c3e,2018-10-31 17:58:19.077000+00:00,0abfa6e7-be7d-4efa-3e66-e604d84d2359,0 days 00:00:34.489000000
422,5bd9e3d2def82a3ad5464c3e,2018-10-31 17:58:53.566000+00:00,a87605ba-4ad9-42e3-e14f-c3126d506fde,0 days 00:01:50.365000000
423,5bd9e3d2def82a3ad5464c3e,2018-10-31 18:00:43.931000+00:00,7040ae0a-6593-496c-d19d-de052fe22967,0 days 00:00:06.028000000
424,5bd9e3d2def82a3ad5464c3e,2018-10-31 18:00:49.959000+00:00,ff5e1bc5-9c28-4936-71c7-dd8f41363f76,0 days 00:01:15.843000000
425,5bd9e3d2def82a3ad5464c3e,2018-10-31 18:02:05.802000+00:00,1a1010f4-0711-46f8-2731-fcadf4579ec5,0 days 00:00:13.400000000
427,5bd9e3dfdef82a3ad5464def,2018-10-31 17:22:57.120000+00:00,893861b0-fa80-483e-ed94-e405e91ee0b6,0 days 00:08:05.483000000
428,5bd9e3dfdef82a3ad5464def,2018-10-31 17:31:02.603000+00:00,8bf230cc-42fa-4cd2-3eb9-d16480cd7094,0 days 00:01:07.938000000
429,5bd9e3dfdef82a3ad5464def,2018-10-31 17:32:10.541000+00:00,893861b0-fa80-483e-ed94-e405e91ee0b6,0 days 00:00:22.547000000
430,5bd9e3dfdef82a3ad5464def,2018-10-31 17:32:33.088000+00:00,8bf230cc-42fa-4cd2-3eb9-d16480cd7094,0 days 00:08:06.392000000
432,5bd9e3e5def82a3ad5464f4e,2018-10-31 17:19:41.030000+00:00,893861b0-fa80-483e-ed94-e405e91ee0b6,0 days 00:05:26.582000000
433,5bd9e3e5def82a3ad5464f4e,2018-10-31 17:25:07.612000+00:00,f17e55aa-28d2-4596-3a3b-f4160fec8c37,0 days 00:11:51.992000000
434,5bd9e3e5def82a3ad5464f4e,2018-10-31 17:36:59.604000+00:00,4126c2ab-8302-46d0-90ff-1f59fd063d88,0 days 00:03:52.786000000
435,5bd9e3e5def82a3ad5464f4e,2018-10-31 17:40:52.390000+00:00,d6d2258e-f794-4f66-0bc3-4a0ca556994f,0 days 00:05:04.948000000
436,5bd9e3e5def82a3ad5464f4e,2018-10-31 17:45:57.338000+00:00,3a9afeb3-3bdd-4a33-cafb-7978f2e8480f,0 days 00:09:17.915000000
437,5bd9e3e5def82a3ad5464f4e,2018-10-31 17:55:15.253000+00:00,574ef7f0-726a-4993-7aa5-0e355ae57df6,0 days 00:01:03.477000000
438,5bd9e3e5def82a3ad5464f4e,2018-10-31 17:56:18.730000+00:00,edce1ebf-9573-4858-63bc-4d1dcf4700b8,0 days 00:02:24.008000000
440,5bd9e3f6def82a3ad54652c6,2018-10-31 17:25:19.661000+00:00,893861b0-fa80-483e-ed94-e405e91ee0b6,0 days 00:01:34.531000000
441,5bd9e3f6def82a3ad54652c6,2018-10-31 17:26:54.192000+00:00,8bf230cc-42fa-4cd2-3eb9-d16480cd7094,0 days 00:08:30.709000000
443,5bd9e403def82a3ad54652c7,2018-10-31 17:26:12.813000+00:00,893861b0-fa80-483e-ed94-e405e91ee0b6,0 days 00:00:45.651000000
444,5bd9e403def82a3ad54652c7,2018-10-31 17:26:58.464000+00:00,1ed5a659-7032-41cf-03e9-82effaf98552,0 days 00:00:52.653000000
445,5bd9e403def82a3ad54652c7,2018-10-31 17:27:51.117000+00:00,9a2c0781-eda8-4336-b4c2-96862f9d0e19,0 days 00:05:36.764000000
447,5bd9e418def82a3ad54652cc,2018-10-31 17:23:01.065000+00:00,893861b0-fa80-483e-ed94-e405e91ee0b6,0 days 00:15:52.756000000
448,5bd9e418def82a3ad54652cc,2018-10-31 17:38:53.821000+00:00,8bf230cc-42fa-4cd2-3eb9-d16480cd7094,0 days 00:04:53.988000000
449,5bd9e418def82a3ad54652cc,2018-10-31 17:43:47.809000+00:00,7c67cd54-26b2-4cad-1e91-80e342964c11,0 days 00:10:26.789000000
450,5bd9e418def82a3ad54652cc,2018-10-31 17:54:14.598000+00:00,2091fc6e-94bb-4940-65b1-4f197ffec78c,0 days 00:10:18.444000000
451,5bd9e418def82a3ad54652cc,2018-10-31 18:04:33.042000+00:00,893861b0-fa80-483e-ed94-e405e91ee0b6,0 days 00:03:20.283000000
453,5bd9e433def82a3ad54652e1,2018-10-31 17:27:55.586000+00:00,893861b0-fa80-483e-ed94-e405e91ee0b6,0 days 00:00:19.626000000
455,5bd9e433def82a3ad54652e2,2018-10-31 17:21:15.562000+00:00,893861b0-fa80-483e-ed94-e405e91ee0b6,0 days 00:05:22.255000000
456,5bd9e433def82a3ad54652e2,2018-10-31 17:26:37.817000+00:00,5a428f8b-173c-4d48-ce72-b1d137234d5d,0 days 00:06:04.748000000
457,5bd9e433def82a3ad54652e2,2018-10-31 17:32:42.565000+00:00,c832574d-38c0-44dc-12c2-9bf1a14c8465,0 days 00:04:17.911000000
459,5bd9e434def82a3ad54652e6,2018-10-31 17:21:00.883000+00:00,893861b0-fa80-483e-ed94-e405e91ee0b6,0 days 00:04:09.721000000
460,5bd9e434def82a3ad54652e6,2018-10-31 17:25:10.604000+00:00,5a428f8b-173c-4d48-ce72-b1d137234d5d,0 days 00:09:35.520000000
461,5bd9e434def82a3ad54652e6,2018-10-31 17:34:46.124000+00:00,c832574d-38c0-44dc-12c2-9bf1a14c8465,0 days 00:06:36.193000000
463,5bd9e434def82a3ad54652e9,2018-10-31 17:21:04.655000+00:00,893861b0-fa80-483e-ed94-e405e91ee0b6,0 days 00:06:50.535000000
465,5bd9e436def82a3ad54652ea,2018-10-31 17:21:00.578000+00:00,893861b0-fa80-483e-ed94-e405e91ee0b6,0 days 00:06:22.733000000
466,5bd9e436def82a3ad54652ea,2018-10-31 17:27:23.311000+00:00,5a428f8b-173c-4d48-ce72-b1d137234d5d,0 days 00:01:28.453000000
467,5bd9e436def82a3ad54652ea,2018-10-31 17:28:51.764000+00:00,c832574d-38c0-44dc-12c2-9bf1a14c8465,0 days 00:09:26.682000000
468,5bd9e436def82a3ad54652ea,2018-10-31 17:38:18.446000+00:00,9d01ba5c-9124-40c7-3e0a-bd7206a2304b,0 days 00:10:07.854000000
469,5bd9e436def82a3ad54652ea,2018-10-31 17:48:26.300000+00:00,a84f3bab-38e9-42cb-d67a-54f950065326,0 days 00:03:37.934000000
470,5bd9e436def82a3ad54652ea,2018-10-31 17:52:04.234000+00:00,e13955c6-c601-44ca-55ae-9eac812c56fb,0 days 00:04:37.484000000
471,5bd9e436def82a3ad54652ea,2018-10-31 17:56:41.718000+00:00,42edb729-d668-488a-e57f-ce3dd3e6c40d,0 days 00:05:56.091000000
472,5bd9e436def82a3ad54652ea,2018-10-31 18:02:37.809000+00:00,46dd5ea2-3f41-4172-407e-89b5939d1bd9,0 days 00:03:29.435000000
473,5bd9e436def82a3ad54652ea,2018-10-31 18:06:07.244000+00:00,f8e37abb-bb62-410d-0e29-42403f111f43,0 days 00:02:32.561000000
474,5bd9e436def82a3ad54652ea,2018-10-31 18:08:39.805000+00:00,33a34db8-7181-4aaa-a417-93ac800d82ea,0 days 00:05:14.340000000
475,5bd9e436def82a3ad54652ea,2018-10-31 18:13:54.145000+00:00,0a32badf-87e1-4e39-fa40-b6335fb9e4a2,0 days 00:09:38.758000000
476,5bd9e436def82a3ad54652ea,2018-10-31 18:23:32.903000+00:00,e364276c-3b10-4187-32d2-3bc19b48f188,0 days 00:05:35.323000000
477,5bd9e436def82a3ad54652ea,2018-10-31 18:29:08.226000+00:00,16b83f63-1263-4069-643a-01f7029b1f49,0 days 00:00:04.878000000
478,5bd9e436def82a3ad54652ea,2018-10-31 18:29:13.104000+00:00,981468a4-d38f-4fd3-4b4c-dbb03637ef32,0 days 00:00:11.475000000
479,5bd9e436def82a3ad54652ea,2018-10-31 18:29:24.579000+00:00,47480a57-3aee-4176-c171-7a02b2572a57,0 days 00:00:32.763000000
481,5bd9e436def82a3ad54652eb,2018-10-31 17:23:24.217000+00:00,893861b0-fa80-483e-ed94-e405e91ee0b6,0 days 00:04:10.311000000
482,5bd9e436def82a3ad54652eb,2018-10-31 17:27:34.528000+00:00,8bf230cc-42fa-4cd2-3eb9-d16480cd7094,0 days 00:16:39.392000000
483,5bd9e436def82a3ad54652eb,2018-10-31 17:44:13.920000+00:00,7c67cd54-26b2-4cad-1e91-80e342964c11,0 days 00:11:31.428000000
484,5bd9e436def82a3ad54652eb,2018-10-31 17:55:45.348000+00:00,f771ecd2-0870-4d2e-624c-ffc491230f78,0 days 00:08:49.562000000
485,5bd9e436def82a3ad54652eb,2018-10-31 18:04:34.910000+00:00,fd08500f-0415-4e42-c390-07072d9e2981,0 days 00:05:34.806000000
486,5bd9e436def82a3ad54652eb,2018-10-31 18:10:09.716000+00:00,15bbe172-c658-4498-e4a3-3b2c74a2e297,0 days 00:02:21.307000000
488,5bd9e43adef82a3ad54652f0,2018-10-31 17:21:04.229000+00:00,893861b0-fa80-483e-ed94-e405e91ee0b6,0 days 00:04:21.692000000
490,5bd9e43adef82a3ad54652f1,2018-10-31 17:21:05.498000+00:00,893861b0-fa80-483e-ed94-e405e91ee0b6,0 days 00:04:05.130000000
493,5bd9e43ddef82a3ad54652f5,2018-10-31 17:25:59.404000+00:00,893861b0-fa80-483e-ed94-e405e91ee0b6,0 days 00:00:06.011000000
494,5bd9e43ddef82a3ad54652f5,2018-10-31 17:26:05.415000+00:00,1ed5a659-7032-41cf-03e9-82effaf98552,0 days 00:04:19.724000000
495,5bd9e43ddef82a3ad54652f5,2018-10-31 17:30:25.139000+00:00,9a2c0781-eda8-4336-b4c2-96862f9d0e19,0 days 00:02:13.688000000
497,5bd9e442def82a3ad54652fb,2018-10-31 17:21:01.483000+00:00,893861b0-fa80-483e-ed94-e405e91ee0b6,0 days 00:04:53.753000000
498,5bd9e442def82a3ad54652fb,2018-10-31 17:25:55.236000+00:00,5a428f8b-173c-4d48-ce72-b1d137234d5d,0 days 00:13:13.247000000
499,5bd9e442def82a3ad54652fb,2018-10-31 17:39:08.483000+00:00,c832574d-38c0-44dc-12c2-9bf1a14c8465,0 days 00:00:10.972000000
500,5bd9e442def82a3ad54652fb,2018-10-31 17:39:19.455000+00:00,9d01ba5c-9124-40c7-3e0a-bd7206a2304b,0 days 00:01:31.020000000
501,5bd9e442def82a3ad54652fb,2018-10-31 17:40:50.475000+00:00,a84f3bab-38e9-42cb-d67a-54f950065326,0 days 00:00:10.423000000
502,5bd9e442def82a3ad54652fb,2018-10-31 17:41:00.898000+00:00,e13955c6-c601-44ca-55ae-9eac812c56fb,0 days 00:03:10.976000000
503,5bd9e442def82a3ad54652fb,2018-10-31 17:44:11.874000+00:00,42edb729-d668-488a-e57f-ce3dd3e6c40d,0 days 00:08:15.533000000
504,5bd9e442def82a3ad54652fb,2018-10-31 17:52:27.407000+00:00,46dd5ea2-3f41-4172-407e-89b5939d1bd9,0 days 00:00:10.239000000
506,5bd9e444def82a3ad54652fc,2018-10-31 17:21:05.309000+00:00,893861b0-fa80-483e-ed94-e405e91ee0b6,0 days 00:06:27.768000000
507,5bd9e444def82a3ad54652fc,2018-10-31 17:27:33.077000+00:00,5a428f8b-173c-4d48-ce72-b1d137234d5d,0 days 00:13:16.556000000
509,5bd9e460def82a3ad54653df,2018-10-31 17:20:51.907000+00:00,893861b0-fa80-483e-ed94-e405e91ee0b6,0 days 00:02:51.273000000
511,5bd9e464def82a3ad5465548,2018-10-31 17:22:01.943000+00:00,893861b0-fa80-483e-ed94-e405e91ee0b6,0 days 00:05:56.259000000
513,5bd9e482def82a3ad5466be3,2018-10-31 17:22:07.476000+00:00,893861b0-fa80-483e-ed94-e405e91ee0b6,0 days 00:04:51.104000000
515,5bd9e497def82a3ad54683f8,2018-10-31 17:22:02.987000+00:00,893861b0-fa80-483e-ed94-e405e91ee0b6,0 days 00:02:22.532000000
516,5bd9e497def82a3ad54683f8,2018-10-31 17:24:25.519000+00:00,8bf230cc-42fa-4cd2-3eb9-d16480cd7094,0 days 00:10:40.028000000
517,5bd9e497def82a3ad54683f8,2018-10-31 17:35:05.547000+00:00,f17e55aa-28d2-4596-3a3b-f4160fec8c37,0 days 00:01:16.748000000
518,5bd9e497def82a3ad54683f8,2018-10-31 17:36:22.295000+00:00,4126c2ab-8302-46d0-90ff-1f59fd063d88,0 days 00:00:54.079000000
519,5bd9e497def82a3ad54683f8,2018-10-31 17:37:16.374000+00:00,d6d2258e-f794-4f66-0bc3-4a0ca556994f,0 days 00:11:49.274000000
521,5bd9e4c3def82a3ad546cd18,2018-10-31 17:22:19.071000+00:00,893861b0-fa80-483e-ed94-e405e91ee0b6,0 days 00:03:10.537000000
522,5bd9e4c3def82a3ad546cd18,2018-10-31 17:25:29.608000+00:00,5a428f8b-173c-4d48-ce72-b1d137234d5d,0 days 00:00:07.512000000
524,5bd9e557def82a3ad54716e7,2018-10-31 17:25:20.590000+00:00,893861b0-fa80-483e-ed94-e405e91ee0b6,0 days 00:03:11.929000000
525,5bd9e557def82a3ad54716e7,2018-10-31 17:28:32.519000+00:00,1ed5a659-7032-41cf-03e9-82effaf98552,0 days 00:05:00.764000000
526,5bd9e557def82a3ad54716e7,2018-10-31 17:33:33.283000+00:00,9a2c0781-eda8-4336-b4c2-96862f9d0e19,0 days 00:04:26.528000000
527,5bd9e557def82a3ad54716e7,2018-10-31 17:37:59.811000+00:00,893861b0-fa80-483e-ed94-e405e91ee0b6,0 days 00:01:49.819000000
528,5bd9e557def82a3ad54716e7,2018-10-31 17:39:49.630000+00:00,9a2c0781-eda8-4336-b4c2-96862f9d0e19,0 days 00:05:58.519000000
529,5bd9e557def82a3ad54716e7,2018-10-31 17:45:48.149000+00:00,03d8f614-5867-4960-592b-7c50cd351f77,0 days 00:05:46.439000000
530,5bd9e557def82a3ad54716e7,2018-10-31 17:51:34.588000+00:00,0495f7ae-f008-43cd-9369-79f39d84c8ec,0 days 00:09:46.536000000
531,5bd9e557def82a3ad54716e7,2018-10-31 18:01:21.124000+00:00,3fd76aaa-1e0b-4335-2559-7349ba4d28d2,0 days 00:03:22.261000000
532,5bd9e557def82a3ad54716e7,2018-10-31 18:04:43.385000+00:00,0a6be1f0-ee3b-40c4-fb16-edfd9924aec7,0 days 00:06:36.589000000
533,5bd9e557def82a3ad54716e7,2018-10-31 18:11:19.974000+00:00,b144a79b-a428-4d19-4853-6d4edbd888b9,0 days 00:03:31.254000000
534,5bd9e557def82a3ad54716e7,2018-10-31 18:14:51.228000+00:00,60c5fe61-5838-4c84-42bf-5c41e620d040,0 days 00:05:05.051000000
535,5bd9e557def82a3ad54716e7,2018-10-31 18:19:56.279000+00:00,0568c4c1-d76b-4cdf-f4da-92148495de23,0 days 00:05:33.961000000
536,5bd9e557def82a3ad54716e7,2018-10-31 18:25:30.240000+00:00,87e95fd5-c42a-4e47-4ef8-03bafc949f8d,0 days 00:02:44.142000000
537,5bd9e557def82a3ad54716e7,2018-10-31 18:28:14.382000+00:00,d05c6996-530e-40c8-7442-3abb7a147038,0 days 00:04:00.843000000
538,5bd9e557def82a3ad54716e7,2018-10-31 18:32:15.225000+00:00,81c5c751-857b-488a-d88f-fda3d4413bfe,0 days 00:03:47.521000000
539,5bd9e557def82a3ad54716e7,2018-10-31 18:36:02.746000+00:00,1e4f4680-20d8-4df4-1828-00550dec362e,0 days 00:08:32.048000000
540,5bd9e557def82a3ad54716e7,2018-10-31 18:44:34.794000+00:00,bbc0da17-194b-473a-b865-c9efb8ae94f6,0 days 00:00:09.981000000
542,5bd9e609def82a3ad5474748,2018-10-31 17:28:33.938000+00:00,893861b0-fa80-483e-ed94-e405e91ee0b6,0 days 00:01:56.402000000
543,5bd9e609def82a3ad5474748,2018-10-31 17:30:30.340000+00:00,8bf230cc-42fa-4cd2-3eb9-d16480cd7094,0 days 00:01:44.973000000
544,5bd9e609def82a3ad5474748,2018-10-31 17:32:15.313000+00:00,893861b0-fa80-483e-ed94-e405e91ee0b6,0 days 00:05:47.489000000
545,5bd9e609def82a3ad5474748,2018-10-31 17:38:02.802000+00:00,8bf230cc-42fa-4cd2-3eb9-d16480cd7094,0 days 00:11:09.804000000
547,5bd9e63edef82a3ad5475228,2018-10-31 17:28:52.185000+00:00,893861b0-fa80-483e-ed94-e405e91ee0b6,0 days 00:04:09.696000000
549,5bd9e6d4def82a3ad54777dd,2018-10-31 17:32:19.936000+00:00,893861b0-fa80-483e-ed94-e405e91ee0b6,0 days 00:02:15.934000000
550,5bd9e6d4def82a3ad54777dd,2018-10-31 17:34:35.870000+00:00,8bf230cc-42fa-4cd2-3eb9-d16480cd7094,0 days 00:04:03.872000000
551,5bd9e6d4def82a3ad54777dd,2018-10-31 17:38:39.742000+00:00,893861b0-fa80-483e-ed94-e405e91ee0b6,0 days 00:01:08.628000000
552,5bd9e6d4def82a3ad54777dd,2018-10-31 17:39:48.370000+00:00,8bf230cc-42fa-4cd2-3eb9-d16480cd7094,0 days 00:11:21.035000000
553,5bd9e6d4def82a3ad54777dd,2018-10-31 17:51:09.405000+00:00,2091fc6e-94bb-4940-65b1-4f197ffec78c,0 days 00:08:17.523000000
556,5bd9e6f8def82a3ad5477ff1,2018-10-31 17:32:28.033000+00:00,893861b0-fa80-483e-ed94-e405e91ee0b6,0 days 00:32:26.626000000
558,5bd9e834def82a3ad547cd92,2018-10-31 17:40:20.668000+00:00,893861b0-fa80-483e-ed94-e405e91ee0b6,0 days 00:02:54.773000000
559,5bd9e834def82a3ad547cd92,2018-10-31 17:43:15.441000+00:00,8bf230cc-42fa-4cd2-3eb9-d16480cd7094,0 days 00:05:05.855000000
560,5bd9e834def82a3ad547cd92,2018-10-31 17:48:21.296000+00:00,2091fc6e-94bb-4940-65b1-4f197ffec78c,0 days 00:08:09.066000000
561,5bd9e834def82a3ad547cd92,2018-10-31 17:56:30.362000+00:00,967019ef-a441-4a99-2268-795d189d258b,0 days 00:02:50.797000000
562,5bd9e834def82a3ad547cd92,2018-10-31 17:59:21.159000+00:00,893861b0-fa80-483e-ed94-e405e91ee0b6,0 days 00:13:07.465000000
564,5bd9e975def82a3ad5483fdc,2018-10-31 18:00:38.784000+00:00,893861b0-fa80-483e-ed94-e405e91ee0b6,0 days 00:00:48.859000000
565,5bd9e975def82a3ad5483fdc,2018-10-31 18:01:27.643000+00:00,f17e55aa-28d2-4596-3a3b-f4160fec8c37,0 days 00:09:55.471000000
566,5bd9e975def82a3ad5483fdc,2018-10-31 18:11:23.114000+00:00,4126c2ab-8302-46d0-90ff-1f59fd063d88,0 days 00:05:13.942000000
568,5bd9e98fdef82a3ad54842a5,2018-10-31 17:42:56.234000+00:00,893861b0-fa80-483e-ed94-e405e91ee0b6,0 days 00:02:16.082000000
569,5bd9e98fdef82a3ad54842a5,2018-10-31 17:45:12.316000+00:00,5a428f8b-173c-4d48-ce72-b1d137234d5d,0 days 00:00:03.047000000
570,5bd9e98fdef82a3ad54842a5,2018-10-31 17:45:15.363000+00:00,c832574d-38c0-44dc-12c2-9bf1a14c8465,0 days 00:00:46.812000000
571,5bd9e98fdef82a3ad54842a5,2018-10-31 17:46:02.175000+00:00,9d01ba5c-9124-40c7-3e0a-bd7206a2304b,0 days 00:04:35.091000000
574,5bd9ebfadef82a3ad548b78c,2018-10-31 17:53:52.042000+00:00,893861b0-fa80-483e-ed94-e405e91ee0b6,0 days 00:00:55.779000000
575,5bd9ebfadef82a3ad548b78c,2018-10-31 17:54:47.821000+00:00,8bf230cc-42fa-4cd2-3eb9-d16480cd7094,0 days 00:07:04.475000000
576,5bd9ebfadef82a3ad548b78c,2018-10-31 18:01:52.296000+00:00,2091fc6e-94bb-4940-65b1-4f197ffec78c,0 days 00:03:16.911000000
577,5bd9ebfadef82a3ad548b78c,2018-10-31 18:05:09.207000+00:00,f771ecd2-0870-4d2e-624c-ffc491230f78,0 days 00:03:26.461000000
578,5bd9ebfadef82a3ad548b78c,2018-10-31 18:08:35.668000+00:00,fd08500f-0415-4e42-c390-07072d9e2981,0 days 00:05:00.397000000
579,5bd9ebfadef82a3ad548b78c,2018-10-31 18:13:36.065000+00:00,15bbe172-c658-4498-e4a3-3b2c74a2e297,0 days 00:02:56.916000000
580,5bd9ebfadef82a3ad548b78c,2018-10-31 18:16:32.981000+00:00,3339055b-87bd-4f52-acce-5f195750a823,0 days 00:02:08.817000000
581,5bd9ebfadef82a3ad548b78c,2018-10-31 18:18:41.798000+00:00,f34c7ef4-a985-4827-a90a-20a567a086e9,0 days 00:02:52.774000000
582,5bd9ebfadef82a3ad548b78c,2018-10-31 18:21:34.572000+00:00,5d537fd6-8c93-4e89-3b78-7f96aeba602a,0 days 00:04:12.023000000
583,5bd9ebfadef82a3ad548b78c,2018-10-31 18:25:46.595000+00:00,383154c5-58f4-42ac-7c84-951d5133af4e,0 days 00:05:21.523000000
584,5bd9ebfadef82a3ad548b78c,2018-10-31 18:31:08.118000+00:00,1d1d31a6-aaf8-4e5f-2521-ac55bca0caa1,0 days 00:03:35.663000000
585,5bd9ebfadef82a3ad548b78c,2018-10-31 18:34:43.781000+00:00,5eb7c764-0aa4-4984-2b27-2515b92cb252,0 days 00:07:30.750000000
587,5bd9ef0adef82a3ad5495373,2018-10-31 18:06:18.256000+00:00,893861b0-fa80-483e-ed94-e405e91ee0b6,0 days 00:04:32.750000000
590,5bd9efa4def82a3ad5497a48,2018-10-31 18:12:02.744000+00:00,893861b0-fa80-483e-ed94-e405e91ee0b6,0 days 00:00:07.133000000
591,5bd9efa4def82a3ad5497a48,2018-10-31 18:12:09.877000+00:00,f17e55aa-28d2-4596-3a3b-f4160fec8c37,0 days 00:02:10.174000000
592,5bd9efa4def82a3ad5497a48,2018-10-31 18:14:20.051000+00:00,893861b0-fa80-483e-ed94-e405e91ee0b6,0 days 00:01:17.821000000
593,5bd9efa4def82a3ad5497a48,2018-10-31 18:15:37.872000+00:00,f17e55aa-28d2-4596-3a3b-f4160fec8c37,0 days 00:07:04.321000000
594,5bd9efa4def82a3ad5497a48,2018-10-31 18:22:42.193000+00:00,893861b0-fa80-483e-ed94-e405e91ee0b6,0 days 00:00:08.206000000
597,5bd9f048def82a3ad5498e23,2018-10-31 18:11:33.101000+00:00,f17e55aa-28d2-4596-3a3b-f4160fec8c37,0 days 00:03:20.917000000
598,5bd9f048def82a3ad5498e23,2018-10-31 18:14:54.018000+00:00,893861b0-fa80-483e-ed94-e405e91ee0b6,0 days 00:00:06.283000000
599,5bd9f048def82a3ad5498e23,2018-10-31 18:15:00.301000+00:00,f17e55aa-28d2-4596-3a3b-f4160fec8c37,0 days 00:00:42.323000000
600,5bd9f048def82a3ad5498e23,2018-10-31 18:15:42.624000+00:00,893861b0-fa80-483e-ed94-e405e91ee0b6,0 days 00:00:05.925000000
601,5bd9f048def82a3ad5498e23,2018-10-31 18:15:48.549000+00:00,f17e55aa-28d2-4596-3a3b-f4160fec8c37,0 days 00:04:17.741000000
604,5bd9f35bdef82a3ad54a6ffb,2018-10-31 18:26:20.586000+00:00,893861b0-fa80-483e-ed94-e405e91ee0b6,0 days 00:00:58.196000000
606,5bd9f600def82a3ad54a93e3,2018-10-31 18:36:11.974000+00:00,893861b0-fa80-483e-ed94-e405e91ee0b6,0 days 00:22:42.702000000
609,5bda0cbddef82a3ad54ab74a,2018-10-31 20:22:15.844000+00:00,893861b0-fa80-483e-ed94-e405e91ee0b6,0 days 00:11:58.215000000
610,5bda0cbddef82a3ad54ab74a,2018-10-31 20:34:14.059000+00:00,5a428f8b-173c-4d48-ce72-b1d137234d5d,0 days 00:02:40.694000000
611,5bda0cbddef82a3ad54ab74a,2018-10-31 20:36:54.753000+00:00,c832574d-38c0-44dc-12c2-9bf1a14c8465,0 days 00:00:30.143000000
612,5bda0cbddef82a3ad54ab74a,2018-10-31 20:37:24.896000+00:00,9d01ba5c-9124-40c7-3e0a-bd7206a2304b,0 days 00:05:46.916000000
613,5bda0cbddef82a3ad54ab74a,2018-10-31 20:43:11.812000+00:00,a84f3bab-38e9-42cb-d67a-54f950065326,0 days 00:02:41.298000000
614,5bda0cbddef82a3ad54ab74a,2018-10-31 20:45:53.110000+00:00,e13955c6-c601-44ca-55ae-9eac812c56fb,0 days 00:03:02.594000000
615,5bda0cbddef82a3ad54ab74a,2018-10-31 20:48:55.704000+00:00,42edb729-d668-488a-e57f-ce3dd3e6c40d,0 days 00:04:03.610000000
618,5bda0d82def82a3ad54ab751,2018-10-31 20:18:45.575000+00:00,893861b0-fa80-483e-ed94-e405e91ee0b6,0 days 00:15:56.657000000
620,5bda0d96def82a3ad54ab753,2018-10-31 20:34:34.526000+00:00,893861b0-fa80-483e-ed94-e405e91ee0b6,0 days 00:02:03.569000000
622,5bda0dd1def82a3ad54ab75b,2018-10-31 20:18:54.576000+00:00,893861b0-fa80-483e-ed94-e405e91ee0b6,0 days 00:15:45.502000000
625,5bda3236def82a3ad54ae945,2018-10-31 22:53:00.566000+00:00,893861b0-fa80-483e-ed94-e405e91ee0b6,0 days 00:00:51.606000000
626,5bda3236def82a3ad54ae945,2018-10-31 22:53:52.172000+00:00,f17e55aa-28d2-4596-3a3b-f4160fec8c37,0 days 00:02:22.274000000
627,5bda3236def82a3ad54ae945,2018-10-31 22:56:14.446000+00:00,5a428f8b-173c-4d48-ce72-b1d137234d5d,0 days 00:06:47.808000000
629,5bda3507def82a3ad54af326,2018-10-31 23:10:42.098000+00:00,893861b0-fa80-483e-ed94-e405e91ee0b6,0 days 00:00:29.182000000
630,5bda3507def82a3ad54af326,2018-10-31 23:11:11.280000+00:00,f17e55aa-28d2-4596-3a3b-f4160fec8c37,0 days 00:00:24.111000000
631,5bda3507def82a3ad54af326,2018-10-31 23:11:35.391000+00:00,4126c2ab-8302-46d0-90ff-1f59fd063d88,0 days 00:00:26.609000000
632,5bda3507def82a3ad54af326,2018-10-31 23:12:02+00:00,a82cf302-d62e-4e76-9ae3-0fcf78103656,0 days 00:00:03.776000000
633,5bda3507def82a3ad54af326,2018-10-31 23:12:05.776000+00:00,3a9afeb3-3bdd-4a33-cafb-7978f2e8480f,0 days 00:00:03.047000000
634,5bda3507def82a3ad54af326,2018-10-31 23:12:08.823000+00:00,574ef7f0-726a-4993-7aa5-0e355ae57df6,0 days 00:00:45.798000000
635,5bda3507def82a3ad54af326,2018-10-31 23:12:54.621000+00:00,edce1ebf-9573-4858-63bc-4d1dcf4700b8,0 days 00:00:02.490000000
636,5bda3507def82a3ad54af326,2018-10-31 23:12:57.111000+00:00,6d77c836-c34f-44bd-43d4-2c9f02af7052,0 days 00:00:03.945000000
637,5bda3507def82a3ad54af326,2018-10-31 23:13:01.056000+00:00,0abfa6e7-be7d-4efa-3e66-e604d84d2359,0 days 00:00:03.236000000
638,5bda3507def82a3ad54af326,2018-10-31 23:13:04.292000+00:00,a87605ba-4ad9-42e3-e14f-c3126d506fde,0 days 00:00:03.036000000
639,5bda3507def82a3ad54af326,2018-10-31 23:13:07.328000+00:00,7040ae0a-6593-496c-d19d-de052fe22967,0 days 00:03:12.712000000
641,5bda36d5def82a3ad54b01d8,2018-10-31 21:13:14.146000+00:00,893861b0-fa80-483e-ed94-e405e91ee0b6,0 days 00:00:31.482000000
642,5bda36d5def82a3ad54b01d8,2018-10-31 21:13:45.628000+00:00,5a428f8b-173c-4d48-ce72-b1d137234d5d,0 days 00:05:27.788000000
643,5bda36d5def82a3ad54b01d8,2018-10-31 21:19:13.416000+00:00,c832574d-38c0-44dc-12c2-9bf1a14c8465,0 days 00:00:08.662000000
